uuid,title,month,visits
7f2e7488-d01e-445b-9bb4-71a78476ffb1,Seasonal Preferences and Alternatives for Domestic Water Sources: A Prospective Cohort Study in Malawi,July 2025,0
7f2e7488-d01e-445b-9bb4-71a78476ffb1,Seasonal Preferences and Alternatives for Domestic Water Sources: A Prospective Cohort Study in Malawi,August 2025,1
7f2e7488-d01e-445b-9bb4-71a78476ffb1,Seasonal Preferences and Alternatives for Domestic Water Sources: A Prospective Cohort Study in Malawi,September 2025,0
7f2e7488-d01e-445b-9bb4-71a78476ffb1,Seasonal Preferences and Alternatives for Domestic Water Sources: A Prospective Cohort Study in Malawi,October 2025,0
7f2e7488-d01e-445b-9bb4-71a78476ffb1,Seasonal Preferences and Alternatives for Domestic Water Sources: A Prospective Cohort Study in Malawi,November 2025,0
7f2e7488-d01e-445b-9bb4-71a78476ffb1,Seasonal Preferences and Alternatives for Domestic Water Sources: A Prospective Cohort Study in Malawi,December 2025,0
7f2e7488-d01e-445b-9bb4-71a78476ffb1,Seasonal Preferences and Alternatives for Domestic Water Sources: A Prospective Cohort Study in Malawi,January 2026,0
786bf081-a9c2-4a10-8ab8-64d199aa661a,"Effect of Various Organic Fertilisers on Phosphorus Mineralisation, Use Efficiency and Maize Yield",July 2025,2
786bf081-a9c2-4a10-8ab8-64d199aa661a,"Effect of Various Organic Fertilisers on Phosphorus Mineralisation, Use Efficiency and Maize Yield",August 2025,1
786bf081-a9c2-4a10-8ab8-64d199aa661a,"Effect of Various Organic Fertilisers on Phosphorus Mineralisation, Use Efficiency and Maize Yield",September 2025,0
786bf081-a9c2-4a10-8ab8-64d199aa661a,"Effect of Various Organic Fertilisers on Phosphorus Mineralisation, Use Efficiency and Maize Yield",October 2025,0
786bf081-a9c2-4a10-8ab8-64d199aa661a,"Effect of Various Organic Fertilisers on Phosphorus Mineralisation, Use Efficiency and Maize Yield",November 2025,1
786bf081-a9c2-4a10-8ab8-64d199aa661a,"Effect of Various Organic Fertilisers on Phosphorus Mineralisation, Use Efficiency and Maize Yield",December 2025,0
786bf081-a9c2-4a10-8ab8-64d199aa661a,"Effect of Various Organic Fertilisers on Phosphorus Mineralisation, Use Efficiency and Maize Yield",January 2026,0
24567971-d4d5-4ede-b4d3-e1dc4c0d7eda,Life cycle assessment of household biogas digesters: A preliminary study on emissions and system interdependencies,July 2025,17
24567971-d4d5-4ede-b4d3-e1dc4c0d7eda,Life cycle assessment of household biogas digesters: A preliminary study on emissions and system interdependencies,August 2025,8
24567971-d4d5-4ede-b4d3-e1dc4c0d7eda,Life cycle assessment of household biogas digesters: A preliminary study on emissions and system interdependencies,September 2025,3
24567971-d4d5-4ede-b4d3-e1dc4c0d7eda,Life cycle assessment of household biogas digesters: A preliminary study on emissions and system interdependencies,October 2025,9
24567971-d4d5-4ede-b4d3-e1dc4c0d7eda,Life cycle assessment of household biogas digesters: A preliminary study on emissions and system interdependencies,November 2025,4
24567971-d4d5-4ede-b4d3-e1dc4c0d7eda,Life cycle assessment of household biogas digesters: A preliminary study on emissions and system interdependencies,December 2025,9
24567971-d4d5-4ede-b4d3-e1dc4c0d7eda,Life cycle assessment of household biogas digesters: A preliminary study on emissions and system interdependencies,January 2026,0
1cdc2b2c-10e4-426d-8eef-2a2ec2e147a6,Development of a Monitoring Device for Improved Cookstoves,July 2025,7
1cdc2b2c-10e4-426d-8eef-2a2ec2e147a6,Development of a Monitoring Device for Improved Cookstoves,August 2025,4
1cdc2b2c-10e4-426d-8eef-2a2ec2e147a6,Development of a Monitoring Device for Improved Cookstoves,September 2025,1
1cdc2b2c-10e4-426d-8eef-2a2ec2e147a6,Development of a Monitoring Device for Improved Cookstoves,October 2025,0
1cdc2b2c-10e4-426d-8eef-2a2ec2e147a6,Development of a Monitoring Device for Improved Cookstoves,November 2025,3
1cdc2b2c-10e4-426d-8eef-2a2ec2e147a6,Development of a Monitoring Device for Improved Cookstoves,December 2025,1
1cdc2b2c-10e4-426d-8eef-2a2ec2e147a6,Development of a Monitoring Device for Improved Cookstoves,January 2026,3
2a8383ec-dba7-4579-80af-d67568875458,"Overflowing and underfuelled - The state of municipal solid waste management in Blantyre, Malawi",July 2025,4
2a8383ec-dba7-4579-80af-d67568875458,"Overflowing and underfuelled - The state of municipal solid waste management in Blantyre, Malawi",August 2025,5
2a8383ec-dba7-4579-80af-d67568875458,"Overflowing and underfuelled - The state of municipal solid waste management in Blantyre, Malawi",September 2025,4
2a8383ec-dba7-4579-80af-d67568875458,"Overflowing and underfuelled - The state of municipal solid waste management in Blantyre, Malawi",October 2025,3
2a8383ec-dba7-4579-80af-d67568875458,"Overflowing and underfuelled - The state of municipal solid waste management in Blantyre, Malawi",November 2025,6
2a8383ec-dba7-4579-80af-d67568875458,"Overflowing and underfuelled - The state of municipal solid waste management in Blantyre, Malawi",December 2025,0
2a8383ec-dba7-4579-80af-d67568875458,"Overflowing and underfuelled - The state of municipal solid waste management in Blantyre, Malawi",January 2026,0
2305abe2-f4ff-49ab-9ab4-22f013a5996b,"As South Africa's cities burn: we can clean-up, but we cannot sweep away inequality",July 2025,6
2305abe2-f4ff-49ab-9ab4-22f013a5996b,"As South Africa's cities burn: we can clean-up, but we cannot sweep away inequality",August 2025,4
2305abe2-f4ff-49ab-9ab4-22f013a5996b,"As South Africa's cities burn: we can clean-up, but we cannot sweep away inequality",September 2025,0
2305abe2-f4ff-49ab-9ab4-22f013a5996b,"As South Africa's cities burn: we can clean-up, but we cannot sweep away inequality",October 2025,1
2305abe2-f4ff-49ab-9ab4-22f013a5996b,"As South Africa's cities burn: we can clean-up, but we cannot sweep away inequality",November 2025,0
2305abe2-f4ff-49ab-9ab4-22f013a5996b,"As South Africa's cities burn: we can clean-up, but we cannot sweep away inequality",December 2025,0
2305abe2-f4ff-49ab-9ab4-22f013a5996b,"As South Africa's cities burn: we can clean-up, but we cannot sweep away inequality",January 2026,0
b20d5031-3a19-4466-8174-219b1bdc3f0e,Open waste burning leads to significantly high black carbon exposure amongst burners,July 2025,0
b20d5031-3a19-4466-8174-219b1bdc3f0e,Open waste burning leads to significantly high black carbon exposure amongst burners,August 2025,0
b20d5031-3a19-4466-8174-219b1bdc3f0e,Open waste burning leads to significantly high black carbon exposure amongst burners,September 2025,0
b20d5031-3a19-4466-8174-219b1bdc3f0e,Open waste burning leads to significantly high black carbon exposure amongst burners,October 2025,0
b20d5031-3a19-4466-8174-219b1bdc3f0e,Open waste burning leads to significantly high black carbon exposure amongst burners,November 2025,0
b20d5031-3a19-4466-8174-219b1bdc3f0e,Open waste burning leads to significantly high black carbon exposure amongst burners,December 2025,0
b20d5031-3a19-4466-8174-219b1bdc3f0e,Open waste burning leads to significantly high black carbon exposure amongst burners,January 2026,0
deab6783-4506-4294-ba62-4bad241bb89f,"Not just a donor learning experience: Exploring failure, accountability, and harm within a large aid funded biogas project in Malawi",July 2025,0
deab6783-4506-4294-ba62-4bad241bb89f,"Not just a donor learning experience: Exploring failure, accountability, and harm within a large aid funded biogas project in Malawi",August 2025,5
deab6783-4506-4294-ba62-4bad241bb89f,"Not just a donor learning experience: Exploring failure, accountability, and harm within a large aid funded biogas project in Malawi",September 2025,0
deab6783-4506-4294-ba62-4bad241bb89f,"Not just a donor learning experience: Exploring failure, accountability, and harm within a large aid funded biogas project in Malawi",October 2025,0
deab6783-4506-4294-ba62-4bad241bb89f,"Not just a donor learning experience: Exploring failure, accountability, and harm within a large aid funded biogas project in Malawi",November 2025,1
deab6783-4506-4294-ba62-4bad241bb89f,"Not just a donor learning experience: Exploring failure, accountability, and harm within a large aid funded biogas project in Malawi",December 2025,0
deab6783-4506-4294-ba62-4bad241bb89f,"Not just a donor learning experience: Exploring failure, accountability, and harm within a large aid funded biogas project in Malawi",January 2026,0
dc2315c1-a559-443d-90c8-1f5be8e281b5,Reducing water quality data inequities: A low-cost to a membrane filtration technique for the quantification of Escherichia coli in drinking water in low-resource contexts,July 2025,4
dc2315c1-a559-443d-90c8-1f5be8e281b5,Reducing water quality data inequities: A low-cost to a membrane filtration technique for the quantification of Escherichia coli in drinking water in low-resource contexts,August 2025,1
dc2315c1-a559-443d-90c8-1f5be8e281b5,Reducing water quality data inequities: A low-cost to a membrane filtration technique for the quantification of Escherichia coli in drinking water in low-resource contexts,September 2025,0
dc2315c1-a559-443d-90c8-1f5be8e281b5,Reducing water quality data inequities: A low-cost to a membrane filtration technique for the quantification of Escherichia coli in drinking water in low-resource contexts,October 2025,0
dc2315c1-a559-443d-90c8-1f5be8e281b5,Reducing water quality data inequities: A low-cost to a membrane filtration technique for the quantification of Escherichia coli in drinking water in low-resource contexts,November 2025,1
dc2315c1-a559-443d-90c8-1f5be8e281b5,Reducing water quality data inequities: A low-cost to a membrane filtration technique for the quantification of Escherichia coli in drinking water in low-resource contexts,December 2025,1
dc2315c1-a559-443d-90c8-1f5be8e281b5,Reducing water quality data inequities: A low-cost to a membrane filtration technique for the quantification of Escherichia coli in drinking water in low-resource contexts,January 2026,0
4d4f6b03-e251-4bac-93a0-72edc188c642,Development of a Remote Communications Infrastructure for an Off-Grid Energy System,July 2025,0
4d4f6b03-e251-4bac-93a0-72edc188c642,Development of a Remote Communications Infrastructure for an Off-Grid Energy System,August 2025,0
4d4f6b03-e251-4bac-93a0-72edc188c642,Development of a Remote Communications Infrastructure for an Off-Grid Energy System,September 2025,25
4d4f6b03-e251-4bac-93a0-72edc188c642,Development of a Remote Communications Infrastructure for an Off-Grid Energy System,October 2025,20
4d4f6b03-e251-4bac-93a0-72edc188c642,Development of a Remote Communications Infrastructure for an Off-Grid Energy System,November 2025,7
4d4f6b03-e251-4bac-93a0-72edc188c642,Development of a Remote Communications Infrastructure for an Off-Grid Energy System,December 2025,9
4d4f6b03-e251-4bac-93a0-72edc188c642,Development of a Remote Communications Infrastructure for an Off-Grid Energy System,January 2026,8
9e7dd027-07b2-44a5-8a48-f96c42b5ee5d,Design and Construction of a Black Soldierfly Larvae  Counting Machine,July 2025,0
9e7dd027-07b2-44a5-8a48-f96c42b5ee5d,Design and Construction of a Black Soldierfly Larvae  Counting Machine,August 2025,0
9e7dd027-07b2-44a5-8a48-f96c42b5ee5d,Design and Construction of a Black Soldierfly Larvae  Counting Machine,September 2025,0
9e7dd027-07b2-44a5-8a48-f96c42b5ee5d,Design and Construction of a Black Soldierfly Larvae  Counting Machine,October 2025,0
9e7dd027-07b2-44a5-8a48-f96c42b5ee5d,Design and Construction of a Black Soldierfly Larvae  Counting Machine,November 2025,11
9e7dd027-07b2-44a5-8a48-f96c42b5ee5d,Design and Construction of a Black Soldierfly Larvae  Counting Machine,December 2025,27
9e7dd027-07b2-44a5-8a48-f96c42b5ee5d,Design and Construction of a Black Soldierfly Larvae  Counting Machine,January 2026,3
9a3d6f97-803e-4eec-b854-7126935594f6,Development and testing of new load control schemes for an electrical load cabinet for small health posts,July 2025,0
9a3d6f97-803e-4eec-b854-7126935594f6,Development and testing of new load control schemes for an electrical load cabinet for small health posts,August 2025,1
9a3d6f97-803e-4eec-b854-7126935594f6,Development and testing of new load control schemes for an electrical load cabinet for small health posts,September 2025,22
9a3d6f97-803e-4eec-b854-7126935594f6,Development and testing of new load control schemes for an electrical load cabinet for small health posts,October 2025,5
9a3d6f97-803e-4eec-b854-7126935594f6,Development and testing of new load control schemes for an electrical load cabinet for small health posts,November 2025,2
9a3d6f97-803e-4eec-b854-7126935594f6,Development and testing of new load control schemes for an electrical load cabinet for small health posts,December 2025,4
9a3d6f97-803e-4eec-b854-7126935594f6,Development and testing of new load control schemes for an electrical load cabinet for small health posts,January 2026,0
667e314a-52a8-4cbb-b2f6-89b79abb0b6b,"Willingness to pay for and economic feasibility of solid waste management in Cape Maclear, Malawi",July 2025,0
667e314a-52a8-4cbb-b2f6-89b79abb0b6b,"Willingness to pay for and economic feasibility of solid waste management in Cape Maclear, Malawi",August 2025,0
667e314a-52a8-4cbb-b2f6-89b79abb0b6b,"Willingness to pay for and economic feasibility of solid waste management in Cape Maclear, Malawi",September 2025,2
667e314a-52a8-4cbb-b2f6-89b79abb0b6b,"Willingness to pay for and economic feasibility of solid waste management in Cape Maclear, Malawi",October 2025,1
667e314a-52a8-4cbb-b2f6-89b79abb0b6b,"Willingness to pay for and economic feasibility of solid waste management in Cape Maclear, Malawi",November 2025,3
667e314a-52a8-4cbb-b2f6-89b79abb0b6b,"Willingness to pay for and economic feasibility of solid waste management in Cape Maclear, Malawi",December 2025,0
667e314a-52a8-4cbb-b2f6-89b79abb0b6b,"Willingness to pay for and economic feasibility of solid waste management in Cape Maclear, Malawi",January 2026,0
ebace69a-169c-4eec-a3a4-57ba5d3e07b6,"Glass Tumbling for Safe Waste Glass Disposal in Cape Maclear, Malawi",July 2025,0
ebace69a-169c-4eec-a3a4-57ba5d3e07b6,"Glass Tumbling for Safe Waste Glass Disposal in Cape Maclear, Malawi",August 2025,0
ebace69a-169c-4eec-a3a4-57ba5d3e07b6,"Glass Tumbling for Safe Waste Glass Disposal in Cape Maclear, Malawi",September 2025,0
ebace69a-169c-4eec-a3a4-57ba5d3e07b6,"Glass Tumbling for Safe Waste Glass Disposal in Cape Maclear, Malawi",October 2025,3
ebace69a-169c-4eec-a3a4-57ba5d3e07b6,"Glass Tumbling for Safe Waste Glass Disposal in Cape Maclear, Malawi",November 2025,2
ebace69a-169c-4eec-a3a4-57ba5d3e07b6,"Glass Tumbling for Safe Waste Glass Disposal in Cape Maclear, Malawi",December 2025,3
ebace69a-169c-4eec-a3a4-57ba5d3e07b6,"Glass Tumbling for Safe Waste Glass Disposal in Cape Maclear, Malawi",January 2026,0
62db6140-33c8-46ba-acbc-4132ef33fbe8,Development of Pediatric Intravenous Flow Rate Monitor for Humanitarian Settings,July 2025,0
62db6140-33c8-46ba-acbc-4132ef33fbe8,Development of Pediatric Intravenous Flow Rate Monitor for Humanitarian Settings,August 2025,24
62db6140-33c8-46ba-acbc-4132ef33fbe8,Development of Pediatric Intravenous Flow Rate Monitor for Humanitarian Settings,September 2025,18
62db6140-33c8-46ba-acbc-4132ef33fbe8,Development of Pediatric Intravenous Flow Rate Monitor for Humanitarian Settings,October 2025,15
62db6140-33c8-46ba-acbc-4132ef33fbe8,Development of Pediatric Intravenous Flow Rate Monitor for Humanitarian Settings,November 2025,14
62db6140-33c8-46ba-acbc-4132ef33fbe8,Development of Pediatric Intravenous Flow Rate Monitor for Humanitarian Settings,December 2025,9
62db6140-33c8-46ba-acbc-4132ef33fbe8,Development of Pediatric Intravenous Flow Rate Monitor for Humanitarian Settings,January 2026,6
cf900cc2-df5a-4fde-b41d-57bbb42efd53,Overcoming Barriers to Exclusive Breastfeeding in Lao PDR: Social Transfer Intervention Randomised Controlled Trial,July 2025,0
cf900cc2-df5a-4fde-b41d-57bbb42efd53,Overcoming Barriers to Exclusive Breastfeeding in Lao PDR: Social Transfer Intervention Randomised Controlled Trial,August 2025,0
cf900cc2-df5a-4fde-b41d-57bbb42efd53,Overcoming Barriers to Exclusive Breastfeeding in Lao PDR: Social Transfer Intervention Randomised Controlled Trial,September 2025,0
cf900cc2-df5a-4fde-b41d-57bbb42efd53,Overcoming Barriers to Exclusive Breastfeeding in Lao PDR: Social Transfer Intervention Randomised Controlled Trial,October 2025,0
cf900cc2-df5a-4fde-b41d-57bbb42efd53,Overcoming Barriers to Exclusive Breastfeeding in Lao PDR: Social Transfer Intervention Randomised Controlled Trial,November 2025,1
cf900cc2-df5a-4fde-b41d-57bbb42efd53,Overcoming Barriers to Exclusive Breastfeeding in Lao PDR: Social Transfer Intervention Randomised Controlled Trial,December 2025,0
cf900cc2-df5a-4fde-b41d-57bbb42efd53,Overcoming Barriers to Exclusive Breastfeeding in Lao PDR: Social Transfer Intervention Randomised Controlled Trial,January 2026,0
5449d41a-8442-4442-8051-7b45432976d7,"Design, Numerical Optimization and Implementation of a Sludge Pasteurization System",July 2025,0
5449d41a-8442-4442-8051-7b45432976d7,"Design, Numerical Optimization and Implementation of a Sludge Pasteurization System",August 2025,0
5449d41a-8442-4442-8051-7b45432976d7,"Design, Numerical Optimization and Implementation of a Sludge Pasteurization System",September 2025,0
5449d41a-8442-4442-8051-7b45432976d7,"Design, Numerical Optimization and Implementation of a Sludge Pasteurization System",October 2025,0
5449d41a-8442-4442-8051-7b45432976d7,"Design, Numerical Optimization and Implementation of a Sludge Pasteurization System",November 2025,7
5449d41a-8442-4442-8051-7b45432976d7,"Design, Numerical Optimization and Implementation of a Sludge Pasteurization System",December 2025,5
5449d41a-8442-4442-8051-7b45432976d7,"Design, Numerical Optimization and Implementation of a Sludge Pasteurization System",January 2026,2
402631b8-b99b-488d-b5d3-78519677720c,A sustainable alternative to traditional building materials: assessing stabilised soil blocks for performance and cost in Malawi,July 2025,3
402631b8-b99b-488d-b5d3-78519677720c,A sustainable alternative to traditional building materials: assessing stabilised soil blocks for performance and cost in Malawi,August 2025,2
402631b8-b99b-488d-b5d3-78519677720c,A sustainable alternative to traditional building materials: assessing stabilised soil blocks for performance and cost in Malawi,September 2025,0
402631b8-b99b-488d-b5d3-78519677720c,A sustainable alternative to traditional building materials: assessing stabilised soil blocks for performance and cost in Malawi,October 2025,0
402631b8-b99b-488d-b5d3-78519677720c,A sustainable alternative to traditional building materials: assessing stabilised soil blocks for performance and cost in Malawi,November 2025,1
402631b8-b99b-488d-b5d3-78519677720c,A sustainable alternative to traditional building materials: assessing stabilised soil blocks for performance and cost in Malawi,December 2025,0
402631b8-b99b-488d-b5d3-78519677720c,A sustainable alternative to traditional building materials: assessing stabilised soil blocks for performance and cost in Malawi,January 2026,0
5454219d-cf60-47e6-8031-e3cba519ac2f,"The Development of a Recycled Plastic Wheel for Cardboard Collector Trollies - Improving the working conditions of informal cardboard recyclers in Durban, South Africa",July 2025,8
5454219d-cf60-47e6-8031-e3cba519ac2f,"The Development of a Recycled Plastic Wheel for Cardboard Collector Trollies - Improving the working conditions of informal cardboard recyclers in Durban, South Africa",August 2025,4
5454219d-cf60-47e6-8031-e3cba519ac2f,"The Development of a Recycled Plastic Wheel for Cardboard Collector Trollies - Improving the working conditions of informal cardboard recyclers in Durban, South Africa",September 2025,0
5454219d-cf60-47e6-8031-e3cba519ac2f,"The Development of a Recycled Plastic Wheel for Cardboard Collector Trollies - Improving the working conditions of informal cardboard recyclers in Durban, South Africa",October 2025,3
5454219d-cf60-47e6-8031-e3cba519ac2f,"The Development of a Recycled Plastic Wheel for Cardboard Collector Trollies - Improving the working conditions of informal cardboard recyclers in Durban, South Africa",November 2025,2
5454219d-cf60-47e6-8031-e3cba519ac2f,"The Development of a Recycled Plastic Wheel for Cardboard Collector Trollies - Improving the working conditions of informal cardboard recyclers in Durban, South Africa",December 2025,0
5454219d-cf60-47e6-8031-e3cba519ac2f,"The Development of a Recycled Plastic Wheel for Cardboard Collector Trollies - Improving the working conditions of informal cardboard recyclers in Durban, South Africa",January 2026,0
4b1701f1-ea92-4834-85ab-fb5908128063,Humanitarian Sanitation Solution,July 2025,6
4b1701f1-ea92-4834-85ab-fb5908128063,Humanitarian Sanitation Solution,August 2025,8
4b1701f1-ea92-4834-85ab-fb5908128063,Humanitarian Sanitation Solution,September 2025,3
4b1701f1-ea92-4834-85ab-fb5908128063,Humanitarian Sanitation Solution,October 2025,1
4b1701f1-ea92-4834-85ab-fb5908128063,Humanitarian Sanitation Solution,November 2025,1
4b1701f1-ea92-4834-85ab-fb5908128063,Humanitarian Sanitation Solution,December 2025,1
4b1701f1-ea92-4834-85ab-fb5908128063,Humanitarian Sanitation Solution,January 2026,0
5099cb44-12cc-4b1a-a002-837bf7b13da8,Black Carbon Monitor: Feasibility of a Low-Cost Application,July 2025,10
5099cb44-12cc-4b1a-a002-837bf7b13da8,Black Carbon Monitor: Feasibility of a Low-Cost Application,August 2025,6
5099cb44-12cc-4b1a-a002-837bf7b13da8,Black Carbon Monitor: Feasibility of a Low-Cost Application,September 2025,0
5099cb44-12cc-4b1a-a002-837bf7b13da8,Black Carbon Monitor: Feasibility of a Low-Cost Application,October 2025,0
5099cb44-12cc-4b1a-a002-837bf7b13da8,Black Carbon Monitor: Feasibility of a Low-Cost Application,November 2025,12
5099cb44-12cc-4b1a-a002-837bf7b13da8,Black Carbon Monitor: Feasibility of a Low-Cost Application,December 2025,1
5099cb44-12cc-4b1a-a002-837bf7b13da8,Black Carbon Monitor: Feasibility of a Low-Cost Application,January 2026,0
01911050-b36d-4173-98bd-6af9d5a12b12,Light absorbing carbonaceous aerosols: Concentrations and sources in an under-monitored setting,July 2025,7
01911050-b36d-4173-98bd-6af9d5a12b12,Light absorbing carbonaceous aerosols: Concentrations and sources in an under-monitored setting,August 2025,2
01911050-b36d-4173-98bd-6af9d5a12b12,Light absorbing carbonaceous aerosols: Concentrations and sources in an under-monitored setting,September 2025,3
01911050-b36d-4173-98bd-6af9d5a12b12,Light absorbing carbonaceous aerosols: Concentrations and sources in an under-monitored setting,October 2025,1
01911050-b36d-4173-98bd-6af9d5a12b12,Light absorbing carbonaceous aerosols: Concentrations and sources in an under-monitored setting,November 2025,6
01911050-b36d-4173-98bd-6af9d5a12b12,Light absorbing carbonaceous aerosols: Concentrations and sources in an under-monitored setting,December 2025,1
01911050-b36d-4173-98bd-6af9d5a12b12,Light absorbing carbonaceous aerosols: Concentrations and sources in an under-monitored setting,January 2026,0
00ade485-2690-4ef8-811a-33359ba40a8c,"Waste Logistics and Transport Modelling in Cape Maclear, Malawi",July 2025,8
00ade485-2690-4ef8-811a-33359ba40a8c,"Waste Logistics and Transport Modelling in Cape Maclear, Malawi",August 2025,3
00ade485-2690-4ef8-811a-33359ba40a8c,"Waste Logistics and Transport Modelling in Cape Maclear, Malawi",September 2025,7
00ade485-2690-4ef8-811a-33359ba40a8c,"Waste Logistics and Transport Modelling in Cape Maclear, Malawi",October 2025,3
00ade485-2690-4ef8-811a-33359ba40a8c,"Waste Logistics and Transport Modelling in Cape Maclear, Malawi",November 2025,9
00ade485-2690-4ef8-811a-33359ba40a8c,"Waste Logistics and Transport Modelling in Cape Maclear, Malawi",December 2025,1
00ade485-2690-4ef8-811a-33359ba40a8c,"Waste Logistics and Transport Modelling in Cape Maclear, Malawi",January 2026,2
07d54da0-5bf3-4d39-87a0-a50cba4aae0b,Optimizing the HDPE recycling process for ArtMalawi,July 2025,8
07d54da0-5bf3-4d39-87a0-a50cba4aae0b,Optimizing the HDPE recycling process for ArtMalawi,August 2025,5
07d54da0-5bf3-4d39-87a0-a50cba4aae0b,Optimizing the HDPE recycling process for ArtMalawi,September 2025,2
07d54da0-5bf3-4d39-87a0-a50cba4aae0b,Optimizing the HDPE recycling process for ArtMalawi,October 2025,5
07d54da0-5bf3-4d39-87a0-a50cba4aae0b,Optimizing the HDPE recycling process for ArtMalawi,November 2025,12
07d54da0-5bf3-4d39-87a0-a50cba4aae0b,Optimizing the HDPE recycling process for ArtMalawi,December 2025,9
07d54da0-5bf3-4d39-87a0-a50cba4aae0b,Optimizing the HDPE recycling process for ArtMalawi,January 2026,2
7e9a2ba0-b43d-4b37-bda3-5bfc01efed88,Closing the Loop - Frugal Innovation in Plastic Sorting. A Pilot Project for Waste Recycling in Malawi,July 2025,0
7e9a2ba0-b43d-4b37-bda3-5bfc01efed88,Closing the Loop - Frugal Innovation in Plastic Sorting. A Pilot Project for Waste Recycling in Malawi,August 2025,0
7e9a2ba0-b43d-4b37-bda3-5bfc01efed88,Closing the Loop - Frugal Innovation in Plastic Sorting. A Pilot Project for Waste Recycling in Malawi,September 2025,0
7e9a2ba0-b43d-4b37-bda3-5bfc01efed88,Closing the Loop - Frugal Innovation in Plastic Sorting. A Pilot Project for Waste Recycling in Malawi,October 2025,0
7e9a2ba0-b43d-4b37-bda3-5bfc01efed88,Closing the Loop - Frugal Innovation in Plastic Sorting. A Pilot Project for Waste Recycling in Malawi,November 2025,0
7e9a2ba0-b43d-4b37-bda3-5bfc01efed88,Closing the Loop - Frugal Innovation in Plastic Sorting. A Pilot Project for Waste Recycling in Malawi,December 2025,0
7e9a2ba0-b43d-4b37-bda3-5bfc01efed88,Closing the Loop - Frugal Innovation in Plastic Sorting. A Pilot Project for Waste Recycling in Malawi,January 2026,4
a121e061-f409-4d6b-a89e-9687d1496a54,Self-cleaning Preliminary Screening Mechanisms to Improve Health and Wastewater Treatment Efficiency in Low-income Countries,July 2025,11
a121e061-f409-4d6b-a89e-9687d1496a54,Self-cleaning Preliminary Screening Mechanisms to Improve Health and Wastewater Treatment Efficiency in Low-income Countries,August 2025,7
a121e061-f409-4d6b-a89e-9687d1496a54,Self-cleaning Preliminary Screening Mechanisms to Improve Health and Wastewater Treatment Efficiency in Low-income Countries,September 2025,0
a121e061-f409-4d6b-a89e-9687d1496a54,Self-cleaning Preliminary Screening Mechanisms to Improve Health and Wastewater Treatment Efficiency in Low-income Countries,October 2025,0
a121e061-f409-4d6b-a89e-9687d1496a54,Self-cleaning Preliminary Screening Mechanisms to Improve Health and Wastewater Treatment Efficiency in Low-income Countries,November 2025,2
a121e061-f409-4d6b-a89e-9687d1496a54,Self-cleaning Preliminary Screening Mechanisms to Improve Health and Wastewater Treatment Efficiency in Low-income Countries,December 2025,0
a121e061-f409-4d6b-a89e-9687d1496a54,Self-cleaning Preliminary Screening Mechanisms to Improve Health and Wastewater Treatment Efficiency in Low-income Countries,January 2026,0
a19d248b-216e-4fe6-9fb0-e7487e257d8f,Designing sensor technology for estimating CO2 reductions through the adoption and use of improved cookstoves,July 2025,15
a19d248b-216e-4fe6-9fb0-e7487e257d8f,Designing sensor technology for estimating CO2 reductions through the adoption and use of improved cookstoves,August 2025,7
a19d248b-216e-4fe6-9fb0-e7487e257d8f,Designing sensor technology for estimating CO2 reductions through the adoption and use of improved cookstoves,September 2025,0
a19d248b-216e-4fe6-9fb0-e7487e257d8f,Designing sensor technology for estimating CO2 reductions through the adoption and use of improved cookstoves,October 2025,6
a19d248b-216e-4fe6-9fb0-e7487e257d8f,Designing sensor technology for estimating CO2 reductions through the adoption and use of improved cookstoves,November 2025,2
a19d248b-216e-4fe6-9fb0-e7487e257d8f,Designing sensor technology for estimating CO2 reductions through the adoption and use of improved cookstoves,December 2025,4
a19d248b-216e-4fe6-9fb0-e7487e257d8f,Designing sensor technology for estimating CO2 reductions through the adoption and use of improved cookstoves,January 2026,0
a224de60-3ef1-48fc-9a57-c0620678c0d3,"“My Flight Arrives at 5 am, Can You Pick Me Up?”: The Gatekeeping Burden of the African Academic",July 2025,1
a224de60-3ef1-48fc-9a57-c0620678c0d3,"“My Flight Arrives at 5 am, Can You Pick Me Up?”: The Gatekeeping Burden of the African Academic",August 2025,9
a224de60-3ef1-48fc-9a57-c0620678c0d3,"“My Flight Arrives at 5 am, Can You Pick Me Up?”: The Gatekeeping Burden of the African Academic",September 2025,3
a224de60-3ef1-48fc-9a57-c0620678c0d3,"“My Flight Arrives at 5 am, Can You Pick Me Up?”: The Gatekeeping Burden of the African Academic",October 2025,1
a224de60-3ef1-48fc-9a57-c0620678c0d3,"“My Flight Arrives at 5 am, Can You Pick Me Up?”: The Gatekeeping Burden of the African Academic",November 2025,2
a224de60-3ef1-48fc-9a57-c0620678c0d3,"“My Flight Arrives at 5 am, Can You Pick Me Up?”: The Gatekeeping Burden of the African Academic",December 2025,0
a224de60-3ef1-48fc-9a57-c0620678c0d3,"“My Flight Arrives at 5 am, Can You Pick Me Up?”: The Gatekeeping Burden of the African Academic",January 2026,0
37211b9f-0228-4f50-830a-64e293a32970,"Air quality monitoring from open waste and incinerator burning in Cape Maclear, Malawi",July 2025,26
37211b9f-0228-4f50-830a-64e293a32970,"Air quality monitoring from open waste and incinerator burning in Cape Maclear, Malawi",August 2025,13
37211b9f-0228-4f50-830a-64e293a32970,"Air quality monitoring from open waste and incinerator burning in Cape Maclear, Malawi",September 2025,17
37211b9f-0228-4f50-830a-64e293a32970,"Air quality monitoring from open waste and incinerator burning in Cape Maclear, Malawi",October 2025,14
37211b9f-0228-4f50-830a-64e293a32970,"Air quality monitoring from open waste and incinerator burning in Cape Maclear, Malawi",November 2025,11
37211b9f-0228-4f50-830a-64e293a32970,"Air quality monitoring from open waste and incinerator burning in Cape Maclear, Malawi",December 2025,7
37211b9f-0228-4f50-830a-64e293a32970,"Air quality monitoring from open waste and incinerator burning in Cape Maclear, Malawi",January 2026,1
3448a9ae-8872-4eee-b2cd-a2867c3068c5,Thermal Analysis and Optimization Potential of Clamp Kilns for Fired Clay Brick Production,July 2025,8
3448a9ae-8872-4eee-b2cd-a2867c3068c5,Thermal Analysis and Optimization Potential of Clamp Kilns for Fired Clay Brick Production,August 2025,4
3448a9ae-8872-4eee-b2cd-a2867c3068c5,Thermal Analysis and Optimization Potential of Clamp Kilns for Fired Clay Brick Production,September 2025,2
3448a9ae-8872-4eee-b2cd-a2867c3068c5,Thermal Analysis and Optimization Potential of Clamp Kilns for Fired Clay Brick Production,October 2025,1
3448a9ae-8872-4eee-b2cd-a2867c3068c5,Thermal Analysis and Optimization Potential of Clamp Kilns for Fired Clay Brick Production,November 2025,5
3448a9ae-8872-4eee-b2cd-a2867c3068c5,Thermal Analysis and Optimization Potential of Clamp Kilns for Fired Clay Brick Production,December 2025,1
3448a9ae-8872-4eee-b2cd-a2867c3068c5,Thermal Analysis and Optimization Potential of Clamp Kilns for Fired Clay Brick Production,January 2026,0
5ead9712-a4aa-4df6-aac1-bffb9df9c356,"Innovating traditional building materials in Chembe, Malawi: assessing post-consumer waste glass and burnt clay bricks for performance and circularity",July 2025,0
5ead9712-a4aa-4df6-aac1-bffb9df9c356,"Innovating traditional building materials in Chembe, Malawi: assessing post-consumer waste glass and burnt clay bricks for performance and circularity",August 2025,2
5ead9712-a4aa-4df6-aac1-bffb9df9c356,"Innovating traditional building materials in Chembe, Malawi: assessing post-consumer waste glass and burnt clay bricks for performance and circularity",September 2025,0
5ead9712-a4aa-4df6-aac1-bffb9df9c356,"Innovating traditional building materials in Chembe, Malawi: assessing post-consumer waste glass and burnt clay bricks for performance and circularity",October 2025,1
5ead9712-a4aa-4df6-aac1-bffb9df9c356,"Innovating traditional building materials in Chembe, Malawi: assessing post-consumer waste glass and burnt clay bricks for performance and circularity",November 2025,0
5ead9712-a4aa-4df6-aac1-bffb9df9c356,"Innovating traditional building materials in Chembe, Malawi: assessing post-consumer waste glass and burnt clay bricks for performance and circularity",December 2025,0
5ead9712-a4aa-4df6-aac1-bffb9df9c356,"Innovating traditional building materials in Chembe, Malawi: assessing post-consumer waste glass and burnt clay bricks for performance and circularity",January 2026,0
5dd3ca20-646d-4415-be9e-1296f6da75d0,biogasoutcomesmalawi: Data for 61 semi-structured interviews with biogas owners in Malawi,July 2025,5
5dd3ca20-646d-4415-be9e-1296f6da75d0,biogasoutcomesmalawi: Data for 61 semi-structured interviews with biogas owners in Malawi,August 2025,6
5dd3ca20-646d-4415-be9e-1296f6da75d0,biogasoutcomesmalawi: Data for 61 semi-structured interviews with biogas owners in Malawi,September 2025,0
5dd3ca20-646d-4415-be9e-1296f6da75d0,biogasoutcomesmalawi: Data for 61 semi-structured interviews with biogas owners in Malawi,October 2025,0
5dd3ca20-646d-4415-be9e-1296f6da75d0,biogasoutcomesmalawi: Data for 61 semi-structured interviews with biogas owners in Malawi,November 2025,0
5dd3ca20-646d-4415-be9e-1296f6da75d0,biogasoutcomesmalawi: Data for 61 semi-structured interviews with biogas owners in Malawi,December 2025,1
5dd3ca20-646d-4415-be9e-1296f6da75d0,biogasoutcomesmalawi: Data for 61 semi-structured interviews with biogas owners in Malawi,January 2026,0
5fbfb287-c706-47cf-a798-eda13d45788f,"Process Evaluation of ""The Hygienic Family"" Intervention: A Community-Based Water, Sanitation, and Hygiene Project in Rural Malawi",July 2025,2
5fbfb287-c706-47cf-a798-eda13d45788f,"Process Evaluation of ""The Hygienic Family"" Intervention: A Community-Based Water, Sanitation, and Hygiene Project in Rural Malawi",August 2025,1
5fbfb287-c706-47cf-a798-eda13d45788f,"Process Evaluation of ""The Hygienic Family"" Intervention: A Community-Based Water, Sanitation, and Hygiene Project in Rural Malawi",September 2025,0
5fbfb287-c706-47cf-a798-eda13d45788f,"Process Evaluation of ""The Hygienic Family"" Intervention: A Community-Based Water, Sanitation, and Hygiene Project in Rural Malawi",October 2025,0
5fbfb287-c706-47cf-a798-eda13d45788f,"Process Evaluation of ""The Hygienic Family"" Intervention: A Community-Based Water, Sanitation, and Hygiene Project in Rural Malawi",November 2025,0
5fbfb287-c706-47cf-a798-eda13d45788f,"Process Evaluation of ""The Hygienic Family"" Intervention: A Community-Based Water, Sanitation, and Hygiene Project in Rural Malawi",December 2025,0
5fbfb287-c706-47cf-a798-eda13d45788f,"Process Evaluation of ""The Hygienic Family"" Intervention: A Community-Based Water, Sanitation, and Hygiene Project in Rural Malawi",January 2026,0
73bd4693-0302-41e4-a005-8df84ae9b1ab,Measuring Effluent Flow in a Biogas Digester: A Practical and Affordable Tipping Bucket Design,July 2025,19
73bd4693-0302-41e4-a005-8df84ae9b1ab,Measuring Effluent Flow in a Biogas Digester: A Practical and Affordable Tipping Bucket Design,August 2025,9
73bd4693-0302-41e4-a005-8df84ae9b1ab,Measuring Effluent Flow in a Biogas Digester: A Practical and Affordable Tipping Bucket Design,September 2025,1
73bd4693-0302-41e4-a005-8df84ae9b1ab,Measuring Effluent Flow in a Biogas Digester: A Practical and Affordable Tipping Bucket Design,October 2025,0
73bd4693-0302-41e4-a005-8df84ae9b1ab,Measuring Effluent Flow in a Biogas Digester: A Practical and Affordable Tipping Bucket Design,November 2025,4
73bd4693-0302-41e4-a005-8df84ae9b1ab,Measuring Effluent Flow in a Biogas Digester: A Practical and Affordable Tipping Bucket Design,December 2025,3
73bd4693-0302-41e4-a005-8df84ae9b1ab,Measuring Effluent Flow in a Biogas Digester: A Practical and Affordable Tipping Bucket Design,January 2026,2
7195d751-00f3-452b-8bb7-6ff043cf088b,Developing a turbidity sensor to enhance dewatering of blackwater,July 2025,12
7195d751-00f3-452b-8bb7-6ff043cf088b,Developing a turbidity sensor to enhance dewatering of blackwater,August 2025,5
7195d751-00f3-452b-8bb7-6ff043cf088b,Developing a turbidity sensor to enhance dewatering of blackwater,September 2025,0
7195d751-00f3-452b-8bb7-6ff043cf088b,Developing a turbidity sensor to enhance dewatering of blackwater,October 2025,0
7195d751-00f3-452b-8bb7-6ff043cf088b,Developing a turbidity sensor to enhance dewatering of blackwater,November 2025,0
7195d751-00f3-452b-8bb7-6ff043cf088b,Developing a turbidity sensor to enhance dewatering of blackwater,December 2025,0
7195d751-00f3-452b-8bb7-6ff043cf088b,Developing a turbidity sensor to enhance dewatering of blackwater,January 2026,0
71b6c9af-23e2-46b5-85b1-d18aab71ae0e,"Sludge bomb: The impending sludge emptying and treatment crisis in Blantyre, Malawi",July 2025,0
71b6c9af-23e2-46b5-85b1-d18aab71ae0e,"Sludge bomb: The impending sludge emptying and treatment crisis in Blantyre, Malawi",August 2025,1
71b6c9af-23e2-46b5-85b1-d18aab71ae0e,"Sludge bomb: The impending sludge emptying and treatment crisis in Blantyre, Malawi",September 2025,0
71b6c9af-23e2-46b5-85b1-d18aab71ae0e,"Sludge bomb: The impending sludge emptying and treatment crisis in Blantyre, Malawi",October 2025,0
71b6c9af-23e2-46b5-85b1-d18aab71ae0e,"Sludge bomb: The impending sludge emptying and treatment crisis in Blantyre, Malawi",November 2025,0
71b6c9af-23e2-46b5-85b1-d18aab71ae0e,"Sludge bomb: The impending sludge emptying and treatment crisis in Blantyre, Malawi",December 2025,0
71b6c9af-23e2-46b5-85b1-d18aab71ae0e,"Sludge bomb: The impending sludge emptying and treatment crisis in Blantyre, Malawi",January 2026,0
7150aea7-b945-4c9b-985e-83b45a5ebf43,"Suitability of the Modified Bardenpho process for faecal sludge treatment in Kumasi, Ghana",July 2025,19
7150aea7-b945-4c9b-985e-83b45a5ebf43,"Suitability of the Modified Bardenpho process for faecal sludge treatment in Kumasi, Ghana",August 2025,6
7150aea7-b945-4c9b-985e-83b45a5ebf43,"Suitability of the Modified Bardenpho process for faecal sludge treatment in Kumasi, Ghana",September 2025,1
7150aea7-b945-4c9b-985e-83b45a5ebf43,"Suitability of the Modified Bardenpho process for faecal sludge treatment in Kumasi, Ghana",October 2025,2
7150aea7-b945-4c9b-985e-83b45a5ebf43,"Suitability of the Modified Bardenpho process for faecal sludge treatment in Kumasi, Ghana",November 2025,7
7150aea7-b945-4c9b-985e-83b45a5ebf43,"Suitability of the Modified Bardenpho process for faecal sludge treatment in Kumasi, Ghana",December 2025,1
7150aea7-b945-4c9b-985e-83b45a5ebf43,"Suitability of the Modified Bardenpho process for faecal sludge treatment in Kumasi, Ghana",January 2026,0
722cd282-2586-4a6c-a8d1-1da247806a47,Household practices in accessing drinking water and post collection contamination: A seasonal cohort study in Malawi,July 2025,0
722cd282-2586-4a6c-a8d1-1da247806a47,Household practices in accessing drinking water and post collection contamination: A seasonal cohort study in Malawi,August 2025,1
722cd282-2586-4a6c-a8d1-1da247806a47,Household practices in accessing drinking water and post collection contamination: A seasonal cohort study in Malawi,September 2025,0
722cd282-2586-4a6c-a8d1-1da247806a47,Household practices in accessing drinking water and post collection contamination: A seasonal cohort study in Malawi,October 2025,0
722cd282-2586-4a6c-a8d1-1da247806a47,Household practices in accessing drinking water and post collection contamination: A seasonal cohort study in Malawi,November 2025,0
722cd282-2586-4a6c-a8d1-1da247806a47,Household practices in accessing drinking water and post collection contamination: A seasonal cohort study in Malawi,December 2025,0
722cd282-2586-4a6c-a8d1-1da247806a47,Household practices in accessing drinking water and post collection contamination: A seasonal cohort study in Malawi,January 2026,0
82605940-f460-4beb-a894-ce2bfc0111b6,"Absorption Ångström Exponent Values to Identify Light-absorbing Carbonaceous Aerosol Sources in Blantyre, Malawi",July 2025,3
82605940-f460-4beb-a894-ce2bfc0111b6,"Absorption Ångström Exponent Values to Identify Light-absorbing Carbonaceous Aerosol Sources in Blantyre, Malawi",August 2025,1
82605940-f460-4beb-a894-ce2bfc0111b6,"Absorption Ångström Exponent Values to Identify Light-absorbing Carbonaceous Aerosol Sources in Blantyre, Malawi",September 2025,10
82605940-f460-4beb-a894-ce2bfc0111b6,"Absorption Ångström Exponent Values to Identify Light-absorbing Carbonaceous Aerosol Sources in Blantyre, Malawi",October 2025,0
82605940-f460-4beb-a894-ce2bfc0111b6,"Absorption Ångström Exponent Values to Identify Light-absorbing Carbonaceous Aerosol Sources in Blantyre, Malawi",November 2025,0
82605940-f460-4beb-a894-ce2bfc0111b6,"Absorption Ångström Exponent Values to Identify Light-absorbing Carbonaceous Aerosol Sources in Blantyre, Malawi",December 2025,0
82605940-f460-4beb-a894-ce2bfc0111b6,"Absorption Ångström Exponent Values to Identify Light-absorbing Carbonaceous Aerosol Sources in Blantyre, Malawi",January 2026,0
805c2038-8b10-4e27-9476-419e6ccfd26c,"Off-Grid Trash Screen Design for a Fecal Sludge Treatment Plant in Blantyre, Malawi",July 2025,6
805c2038-8b10-4e27-9476-419e6ccfd26c,"Off-Grid Trash Screen Design for a Fecal Sludge Treatment Plant in Blantyre, Malawi",August 2025,3
805c2038-8b10-4e27-9476-419e6ccfd26c,"Off-Grid Trash Screen Design for a Fecal Sludge Treatment Plant in Blantyre, Malawi",September 2025,0
805c2038-8b10-4e27-9476-419e6ccfd26c,"Off-Grid Trash Screen Design for a Fecal Sludge Treatment Plant in Blantyre, Malawi",October 2025,0
805c2038-8b10-4e27-9476-419e6ccfd26c,"Off-Grid Trash Screen Design for a Fecal Sludge Treatment Plant in Blantyre, Malawi",November 2025,0
805c2038-8b10-4e27-9476-419e6ccfd26c,"Off-Grid Trash Screen Design for a Fecal Sludge Treatment Plant in Blantyre, Malawi",December 2025,4
805c2038-8b10-4e27-9476-419e6ccfd26c,"Off-Grid Trash Screen Design for a Fecal Sludge Treatment Plant in Blantyre, Malawi",January 2026,5
5a92a3e8-77b6-4278-8635-73b954528a3d,"Urine Collection Trolley for Informal Markets in Durban, South Africa",July 2025,2
5a92a3e8-77b6-4278-8635-73b954528a3d,"Urine Collection Trolley for Informal Markets in Durban, South Africa",August 2025,4
5a92a3e8-77b6-4278-8635-73b954528a3d,"Urine Collection Trolley for Informal Markets in Durban, South Africa",September 2025,3
5a92a3e8-77b6-4278-8635-73b954528a3d,"Urine Collection Trolley for Informal Markets in Durban, South Africa",October 2025,1
5a92a3e8-77b6-4278-8635-73b954528a3d,"Urine Collection Trolley for Informal Markets in Durban, South Africa",November 2025,0
5a92a3e8-77b6-4278-8635-73b954528a3d,"Urine Collection Trolley for Informal Markets in Durban, South Africa",December 2025,4
5a92a3e8-77b6-4278-8635-73b954528a3d,"Urine Collection Trolley for Informal Markets in Durban, South Africa",January 2026,0
57f700fb-756b-4e3f-88e2-965382c3ff7b,Exploring Injection Molding for the  Development of a Sensor Casings in Biogas  Monitoring System,July 2025,15
57f700fb-756b-4e3f-88e2-965382c3ff7b,Exploring Injection Molding for the  Development of a Sensor Casings in Biogas  Monitoring System,August 2025,8
57f700fb-756b-4e3f-88e2-965382c3ff7b,Exploring Injection Molding for the  Development of a Sensor Casings in Biogas  Monitoring System,September 2025,5
57f700fb-756b-4e3f-88e2-965382c3ff7b,Exploring Injection Molding for the  Development of a Sensor Casings in Biogas  Monitoring System,October 2025,1
57f700fb-756b-4e3f-88e2-965382c3ff7b,Exploring Injection Molding for the  Development of a Sensor Casings in Biogas  Monitoring System,November 2025,5
57f700fb-756b-4e3f-88e2-965382c3ff7b,Exploring Injection Molding for the  Development of a Sensor Casings in Biogas  Monitoring System,December 2025,3
57f700fb-756b-4e3f-88e2-965382c3ff7b,Exploring Injection Molding for the  Development of a Sensor Casings in Biogas  Monitoring System,January 2026,1
53110727-029f-40dd-961d-dbe6dc78435b,"Technical Documentation: Development of a Low-Cost Incinerator in Cape Maclear, Malawi",July 2025,3
53110727-029f-40dd-961d-dbe6dc78435b,"Technical Documentation: Development of a Low-Cost Incinerator in Cape Maclear, Malawi",August 2025,3
53110727-029f-40dd-961d-dbe6dc78435b,"Technical Documentation: Development of a Low-Cost Incinerator in Cape Maclear, Malawi",September 2025,0
53110727-029f-40dd-961d-dbe6dc78435b,"Technical Documentation: Development of a Low-Cost Incinerator in Cape Maclear, Malawi",October 2025,3
53110727-029f-40dd-961d-dbe6dc78435b,"Technical Documentation: Development of a Low-Cost Incinerator in Cape Maclear, Malawi",November 2025,0
53110727-029f-40dd-961d-dbe6dc78435b,"Technical Documentation: Development of a Low-Cost Incinerator in Cape Maclear, Malawi",December 2025,1
53110727-029f-40dd-961d-dbe6dc78435b,"Technical Documentation: Development of a Low-Cost Incinerator in Cape Maclear, Malawi",January 2026,2
ea803905-59d9-4bbf-a6ef-f6122c4ce305,"qechairquality: Air Quality Data at Queen Elizabeth Central Hospital (QECH), Blantyre, Malawi",July 2025,0
ea803905-59d9-4bbf-a6ef-f6122c4ce305,"qechairquality: Air Quality Data at Queen Elizabeth Central Hospital (QECH), Blantyre, Malawi",August 2025,6
ea803905-59d9-4bbf-a6ef-f6122c4ce305,"qechairquality: Air Quality Data at Queen Elizabeth Central Hospital (QECH), Blantyre, Malawi",September 2025,0
ea803905-59d9-4bbf-a6ef-f6122c4ce305,"qechairquality: Air Quality Data at Queen Elizabeth Central Hospital (QECH), Blantyre, Malawi",October 2025,0
ea803905-59d9-4bbf-a6ef-f6122c4ce305,"qechairquality: Air Quality Data at Queen Elizabeth Central Hospital (QECH), Blantyre, Malawi",November 2025,1
ea803905-59d9-4bbf-a6ef-f6122c4ce305,"qechairquality: Air Quality Data at Queen Elizabeth Central Hospital (QECH), Blantyre, Malawi",December 2025,2
ea803905-59d9-4bbf-a6ef-f6122c4ce305,"qechairquality: Air Quality Data at Queen Elizabeth Central Hospital (QECH), Blantyre, Malawi",January 2026,0
67b2a95d-25fa-4b09-b20c-80702f65e652,"Waste Characterization, Quantification and Composting in Cape Maclear - Malawi",July 2025,11
67b2a95d-25fa-4b09-b20c-80702f65e652,"Waste Characterization, Quantification and Composting in Cape Maclear - Malawi",August 2025,4
67b2a95d-25fa-4b09-b20c-80702f65e652,"Waste Characterization, Quantification and Composting in Cape Maclear - Malawi",September 2025,2
67b2a95d-25fa-4b09-b20c-80702f65e652,"Waste Characterization, Quantification and Composting in Cape Maclear - Malawi",October 2025,8
67b2a95d-25fa-4b09-b20c-80702f65e652,"Waste Characterization, Quantification and Composting in Cape Maclear - Malawi",November 2025,6
67b2a95d-25fa-4b09-b20c-80702f65e652,"Waste Characterization, Quantification and Composting in Cape Maclear - Malawi",December 2025,2
67b2a95d-25fa-4b09-b20c-80702f65e652,"Waste Characterization, Quantification and Composting in Cape Maclear - Malawi",January 2026,0
63f9408f-81e5-4d0e-82f2-2fe2e3189e86,"Construction of a Glass Crusher and Evaluation of Waste Valorization Pathways for Cape Maclear, Malawi",July 2025,16
63f9408f-81e5-4d0e-82f2-2fe2e3189e86,"Construction of a Glass Crusher and Evaluation of Waste Valorization Pathways for Cape Maclear, Malawi",August 2025,9
63f9408f-81e5-4d0e-82f2-2fe2e3189e86,"Construction of a Glass Crusher and Evaluation of Waste Valorization Pathways for Cape Maclear, Malawi",September 2025,31
63f9408f-81e5-4d0e-82f2-2fe2e3189e86,"Construction of a Glass Crusher and Evaluation of Waste Valorization Pathways for Cape Maclear, Malawi",October 2025,29
63f9408f-81e5-4d0e-82f2-2fe2e3189e86,"Construction of a Glass Crusher and Evaluation of Waste Valorization Pathways for Cape Maclear, Malawi",November 2025,9
63f9408f-81e5-4d0e-82f2-2fe2e3189e86,"Construction of a Glass Crusher and Evaluation of Waste Valorization Pathways for Cape Maclear, Malawi",December 2025,13
63f9408f-81e5-4d0e-82f2-2fe2e3189e86,"Construction of a Glass Crusher and Evaluation of Waste Valorization Pathways for Cape Maclear, Malawi",January 2026,1
69a36214-39de-4e41-8db2-c8d45d77e8ad,System Parameter Analysis of a Biogas-Powered Faecal Sludge Pasteuriser,July 2025,12
69a36214-39de-4e41-8db2-c8d45d77e8ad,System Parameter Analysis of a Biogas-Powered Faecal Sludge Pasteuriser,August 2025,9
69a36214-39de-4e41-8db2-c8d45d77e8ad,System Parameter Analysis of a Biogas-Powered Faecal Sludge Pasteuriser,September 2025,13
69a36214-39de-4e41-8db2-c8d45d77e8ad,System Parameter Analysis of a Biogas-Powered Faecal Sludge Pasteuriser,October 2025,4
69a36214-39de-4e41-8db2-c8d45d77e8ad,System Parameter Analysis of a Biogas-Powered Faecal Sludge Pasteuriser,November 2025,1
69a36214-39de-4e41-8db2-c8d45d77e8ad,System Parameter Analysis of a Biogas-Powered Faecal Sludge Pasteuriser,December 2025,2
69a36214-39de-4e41-8db2-c8d45d77e8ad,System Parameter Analysis of a Biogas-Powered Faecal Sludge Pasteuriser,January 2026,0
c011ac20-a0ca-4471-8c36-eec5389078cb,"Willingness to Pay and Economic Feasibility for Waste Management in Cape Maclear, Malawi",July 2025,11
c011ac20-a0ca-4471-8c36-eec5389078cb,"Willingness to Pay and Economic Feasibility for Waste Management in Cape Maclear, Malawi",August 2025,4
c011ac20-a0ca-4471-8c36-eec5389078cb,"Willingness to Pay and Economic Feasibility for Waste Management in Cape Maclear, Malawi",September 2025,3
c011ac20-a0ca-4471-8c36-eec5389078cb,"Willingness to Pay and Economic Feasibility for Waste Management in Cape Maclear, Malawi",October 2025,0
c011ac20-a0ca-4471-8c36-eec5389078cb,"Willingness to Pay and Economic Feasibility for Waste Management in Cape Maclear, Malawi",November 2025,1
c011ac20-a0ca-4471-8c36-eec5389078cb,"Willingness to Pay and Economic Feasibility for Waste Management in Cape Maclear, Malawi",December 2025,1
c011ac20-a0ca-4471-8c36-eec5389078cb,"Willingness to Pay and Economic Feasibility for Waste Management in Cape Maclear, Malawi",January 2026,1
bc5acd92-1a51-4f4c-9b87-a1a1e895e491,From potential to practice: rethinking Africa’s biogas revolution,July 2025,2
bc5acd92-1a51-4f4c-9b87-a1a1e895e491,From potential to practice: rethinking Africa’s biogas revolution,August 2025,1
bc5acd92-1a51-4f4c-9b87-a1a1e895e491,From potential to practice: rethinking Africa’s biogas revolution,September 2025,0
bc5acd92-1a51-4f4c-9b87-a1a1e895e491,From potential to practice: rethinking Africa’s biogas revolution,October 2025,0
bc5acd92-1a51-4f4c-9b87-a1a1e895e491,From potential to practice: rethinking Africa’s biogas revolution,November 2025,0
bc5acd92-1a51-4f4c-9b87-a1a1e895e491,From potential to practice: rethinking Africa’s biogas revolution,December 2025,1
bc5acd92-1a51-4f4c-9b87-a1a1e895e491,From potential to practice: rethinking Africa’s biogas revolution,January 2026,0
bb3fa9c7-5380-47e0-8269-e97f5dbcfe57,Is Switzerland spending its climate funds wisely?,July 2025,0
bb3fa9c7-5380-47e0-8269-e97f5dbcfe57,Is Switzerland spending its climate funds wisely?,August 2025,1
bb3fa9c7-5380-47e0-8269-e97f5dbcfe57,Is Switzerland spending its climate funds wisely?,September 2025,0
bb3fa9c7-5380-47e0-8269-e97f5dbcfe57,Is Switzerland spending its climate funds wisely?,October 2025,0
bb3fa9c7-5380-47e0-8269-e97f5dbcfe57,Is Switzerland spending its climate funds wisely?,November 2025,2
bb3fa9c7-5380-47e0-8269-e97f5dbcfe57,Is Switzerland spending its climate funds wisely?,December 2025,0
bb3fa9c7-5380-47e0-8269-e97f5dbcfe57,Is Switzerland spending its climate funds wisely?,January 2026,0
1b56be72-0a60-4228-84c4-f39b729f95dc,"""It is unbearable to breathe here"": air quality, open incineration, and misinformation in Blantyre, Malawi",July 2025,3
1b56be72-0a60-4228-84c4-f39b729f95dc,"""It is unbearable to breathe here"": air quality, open incineration, and misinformation in Blantyre, Malawi",August 2025,1
1b56be72-0a60-4228-84c4-f39b729f95dc,"""It is unbearable to breathe here"": air quality, open incineration, and misinformation in Blantyre, Malawi",September 2025,1
1b56be72-0a60-4228-84c4-f39b729f95dc,"""It is unbearable to breathe here"": air quality, open incineration, and misinformation in Blantyre, Malawi",October 2025,0
1b56be72-0a60-4228-84c4-f39b729f95dc,"""It is unbearable to breathe here"": air quality, open incineration, and misinformation in Blantyre, Malawi",November 2025,0
1b56be72-0a60-4228-84c4-f39b729f95dc,"""It is unbearable to breathe here"": air quality, open incineration, and misinformation in Blantyre, Malawi",December 2025,8
1b56be72-0a60-4228-84c4-f39b729f95dc,"""It is unbearable to breathe here"": air quality, open incineration, and misinformation in Blantyre, Malawi",January 2026,0
1dc5d8c6-6016-408b-9fea-eac996ee369c,"Optimization of solid waste collections in Blantyre, Malawi",July 2025,1
1dc5d8c6-6016-408b-9fea-eac996ee369c,"Optimization of solid waste collections in Blantyre, Malawi",August 2025,6
1dc5d8c6-6016-408b-9fea-eac996ee369c,"Optimization of solid waste collections in Blantyre, Malawi",September 2025,0
1dc5d8c6-6016-408b-9fea-eac996ee369c,"Optimization of solid waste collections in Blantyre, Malawi",October 2025,4
1dc5d8c6-6016-408b-9fea-eac996ee369c,"Optimization of solid waste collections in Blantyre, Malawi",November 2025,0
1dc5d8c6-6016-408b-9fea-eac996ee369c,"Optimization of solid waste collections in Blantyre, Malawi",December 2025,0
1dc5d8c6-6016-408b-9fea-eac996ee369c,"Optimization of solid waste collections in Blantyre, Malawi",January 2026,0
94f3f667-e141-40b3-824e-cf4ac57ce696,Examination of the potential for recycling of absorbent hygiene product waste in South Africa,July 2025,11
94f3f667-e141-40b3-824e-cf4ac57ce696,Examination of the potential for recycling of absorbent hygiene product waste in South Africa,August 2025,3
94f3f667-e141-40b3-824e-cf4ac57ce696,Examination of the potential for recycling of absorbent hygiene product waste in South Africa,September 2025,4
94f3f667-e141-40b3-824e-cf4ac57ce696,Examination of the potential for recycling of absorbent hygiene product waste in South Africa,October 2025,0
94f3f667-e141-40b3-824e-cf4ac57ce696,Examination of the potential for recycling of absorbent hygiene product waste in South Africa,November 2025,1
94f3f667-e141-40b3-824e-cf4ac57ce696,Examination of the potential for recycling of absorbent hygiene product waste in South Africa,December 2025,8
94f3f667-e141-40b3-824e-cf4ac57ce696,Examination of the potential for recycling of absorbent hygiene product waste in South Africa,January 2026,1
c278a199-3964-4d6a-b3d1-bf7403ac76b0,Does Poor Mental Health Impair the Effectiveness of Complementary Food Hygiene Behavior Change Intervention in Rural Malawi?,July 2025,1
c278a199-3964-4d6a-b3d1-bf7403ac76b0,Does Poor Mental Health Impair the Effectiveness of Complementary Food Hygiene Behavior Change Intervention in Rural Malawi?,August 2025,1
c278a199-3964-4d6a-b3d1-bf7403ac76b0,Does Poor Mental Health Impair the Effectiveness of Complementary Food Hygiene Behavior Change Intervention in Rural Malawi?,September 2025,0
c278a199-3964-4d6a-b3d1-bf7403ac76b0,Does Poor Mental Health Impair the Effectiveness of Complementary Food Hygiene Behavior Change Intervention in Rural Malawi?,October 2025,0
c278a199-3964-4d6a-b3d1-bf7403ac76b0,Does Poor Mental Health Impair the Effectiveness of Complementary Food Hygiene Behavior Change Intervention in Rural Malawi?,November 2025,1
c278a199-3964-4d6a-b3d1-bf7403ac76b0,Does Poor Mental Health Impair the Effectiveness of Complementary Food Hygiene Behavior Change Intervention in Rural Malawi?,December 2025,0
c278a199-3964-4d6a-b3d1-bf7403ac76b0,Does Poor Mental Health Impair the Effectiveness of Complementary Food Hygiene Behavior Change Intervention in Rural Malawi?,January 2026,0
de566d68-0001-4b78-b1e4-f6ce491609f8,Designing a manual press for blackwater dewatering,July 2025,8
de566d68-0001-4b78-b1e4-f6ce491609f8,Designing a manual press for blackwater dewatering,August 2025,7
de566d68-0001-4b78-b1e4-f6ce491609f8,Designing a manual press for blackwater dewatering,September 2025,5
de566d68-0001-4b78-b1e4-f6ce491609f8,Designing a manual press for blackwater dewatering,October 2025,7
de566d68-0001-4b78-b1e4-f6ce491609f8,Designing a manual press for blackwater dewatering,November 2025,0
de566d68-0001-4b78-b1e4-f6ce491609f8,Designing a manual press for blackwater dewatering,December 2025,1
de566d68-0001-4b78-b1e4-f6ce491609f8,Designing a manual press for blackwater dewatering,January 2026,0
e6367334-6883-4c7b-8db7-14d7e8041845,The Establishment of an Absorbent Hygiene Product Waste Collection System in Two Informal Settlements in South Africa,July 2025,2
e6367334-6883-4c7b-8db7-14d7e8041845,The Establishment of an Absorbent Hygiene Product Waste Collection System in Two Informal Settlements in South Africa,August 2025,7
e6367334-6883-4c7b-8db7-14d7e8041845,The Establishment of an Absorbent Hygiene Product Waste Collection System in Two Informal Settlements in South Africa,September 2025,9
e6367334-6883-4c7b-8db7-14d7e8041845,The Establishment of an Absorbent Hygiene Product Waste Collection System in Two Informal Settlements in South Africa,October 2025,8
e6367334-6883-4c7b-8db7-14d7e8041845,The Establishment of an Absorbent Hygiene Product Waste Collection System in Two Informal Settlements in South Africa,November 2025,8
e6367334-6883-4c7b-8db7-14d7e8041845,The Establishment of an Absorbent Hygiene Product Waste Collection System in Two Informal Settlements in South Africa,December 2025,0
e6367334-6883-4c7b-8db7-14d7e8041845,The Establishment of an Absorbent Hygiene Product Waste Collection System in Two Informal Settlements in South Africa,January 2026,0
efa0d349-f5fb-4bb3-8527-c3ffa7be154a,"Research Beyond the Lab, Spring Term 2022, Global Health Engineering, ETH Zurich",July 2025,0
efa0d349-f5fb-4bb3-8527-c3ffa7be154a,"Research Beyond the Lab, Spring Term 2022, Global Health Engineering, ETH Zurich",August 2025,9
efa0d349-f5fb-4bb3-8527-c3ffa7be154a,"Research Beyond the Lab, Spring Term 2022, Global Health Engineering, ETH Zurich",September 2025,1
efa0d349-f5fb-4bb3-8527-c3ffa7be154a,"Research Beyond the Lab, Spring Term 2022, Global Health Engineering, ETH Zurich",October 2025,3
efa0d349-f5fb-4bb3-8527-c3ffa7be154a,"Research Beyond the Lab, Spring Term 2022, Global Health Engineering, ETH Zurich",November 2025,4
efa0d349-f5fb-4bb3-8527-c3ffa7be154a,"Research Beyond the Lab, Spring Term 2022, Global Health Engineering, ETH Zurich",December 2025,1
efa0d349-f5fb-4bb3-8527-c3ffa7be154a,"Research Beyond the Lab, Spring Term 2022, Global Health Engineering, ETH Zurich",January 2026,2
efb8d9e7-9838-4ed0-99bd-cd1c0f95ad26,"wasteskipsblantyre: Locations of Public Waste Skips in Blantyre, Malawi",July 2025,0
efb8d9e7-9838-4ed0-99bd-cd1c0f95ad26,"wasteskipsblantyre: Locations of Public Waste Skips in Blantyre, Malawi",August 2025,4
efb8d9e7-9838-4ed0-99bd-cd1c0f95ad26,"wasteskipsblantyre: Locations of Public Waste Skips in Blantyre, Malawi",September 2025,0
efb8d9e7-9838-4ed0-99bd-cd1c0f95ad26,"wasteskipsblantyre: Locations of Public Waste Skips in Blantyre, Malawi",October 2025,0
efb8d9e7-9838-4ed0-99bd-cd1c0f95ad26,"wasteskipsblantyre: Locations of Public Waste Skips in Blantyre, Malawi",November 2025,0
efb8d9e7-9838-4ed0-99bd-cd1c0f95ad26,"wasteskipsblantyre: Locations of Public Waste Skips in Blantyre, Malawi",December 2025,0
efb8d9e7-9838-4ed0-99bd-cd1c0f95ad26,"wasteskipsblantyre: Locations of Public Waste Skips in Blantyre, Malawi",January 2026,0
b0143360-8b60-4dd0-9aec-e980d1306f16,Assessment of Decontamination and Reuse of Disposable Filter Funnels Used in Microbiological Water Quality Tests,July 2025,0
b0143360-8b60-4dd0-9aec-e980d1306f16,Assessment of Decontamination and Reuse of Disposable Filter Funnels Used in Microbiological Water Quality Tests,August 2025,1
b0143360-8b60-4dd0-9aec-e980d1306f16,Assessment of Decontamination and Reuse of Disposable Filter Funnels Used in Microbiological Water Quality Tests,September 2025,0
b0143360-8b60-4dd0-9aec-e980d1306f16,Assessment of Decontamination and Reuse of Disposable Filter Funnels Used in Microbiological Water Quality Tests,October 2025,0
b0143360-8b60-4dd0-9aec-e980d1306f16,Assessment of Decontamination and Reuse of Disposable Filter Funnels Used in Microbiological Water Quality Tests,November 2025,0
b0143360-8b60-4dd0-9aec-e980d1306f16,Assessment of Decontamination and Reuse of Disposable Filter Funnels Used in Microbiological Water Quality Tests,December 2025,0
b0143360-8b60-4dd0-9aec-e980d1306f16,Assessment of Decontamination and Reuse of Disposable Filter Funnels Used in Microbiological Water Quality Tests,January 2026,0
aebc8666-b968-4626-b070-182f5e94dd69,Psychosocial factors associated with intention to pursue tertiary education among Malawian students: the moderating effect of mental health,July 2025,4
aebc8666-b968-4626-b070-182f5e94dd69,Psychosocial factors associated with intention to pursue tertiary education among Malawian students: the moderating effect of mental health,August 2025,1
aebc8666-b968-4626-b070-182f5e94dd69,Psychosocial factors associated with intention to pursue tertiary education among Malawian students: the moderating effect of mental health,September 2025,0
aebc8666-b968-4626-b070-182f5e94dd69,Psychosocial factors associated with intention to pursue tertiary education among Malawian students: the moderating effect of mental health,October 2025,0
aebc8666-b968-4626-b070-182f5e94dd69,Psychosocial factors associated with intention to pursue tertiary education among Malawian students: the moderating effect of mental health,November 2025,1
aebc8666-b968-4626-b070-182f5e94dd69,Psychosocial factors associated with intention to pursue tertiary education among Malawian students: the moderating effect of mental health,December 2025,0
aebc8666-b968-4626-b070-182f5e94dd69,Psychosocial factors associated with intention to pursue tertiary education among Malawian students: the moderating effect of mental health,January 2026,0
b3711a61-a987-4aea-98b1-554649098530,Sensing improved cookstoves to estimate CO2 emission reduction,July 2025,12
b3711a61-a987-4aea-98b1-554649098530,Sensing improved cookstoves to estimate CO2 emission reduction,August 2025,8
b3711a61-a987-4aea-98b1-554649098530,Sensing improved cookstoves to estimate CO2 emission reduction,September 2025,8
b3711a61-a987-4aea-98b1-554649098530,Sensing improved cookstoves to estimate CO2 emission reduction,October 2025,3
b3711a61-a987-4aea-98b1-554649098530,Sensing improved cookstoves to estimate CO2 emission reduction,November 2025,3
b3711a61-a987-4aea-98b1-554649098530,Sensing improved cookstoves to estimate CO2 emission reduction,December 2025,3
b3711a61-a987-4aea-98b1-554649098530,Sensing improved cookstoves to estimate CO2 emission reduction,January 2026,1
0661cebc-b4c5-4f2d-a891-cda46017ebd7,Solar Water Heater Modeling for Fecal Sludge Pasteurization,July 2025,19
0661cebc-b4c5-4f2d-a891-cda46017ebd7,Solar Water Heater Modeling for Fecal Sludge Pasteurization,August 2025,3
0661cebc-b4c5-4f2d-a891-cda46017ebd7,Solar Water Heater Modeling for Fecal Sludge Pasteurization,September 2025,4
0661cebc-b4c5-4f2d-a891-cda46017ebd7,Solar Water Heater Modeling for Fecal Sludge Pasteurization,October 2025,0
0661cebc-b4c5-4f2d-a891-cda46017ebd7,Solar Water Heater Modeling for Fecal Sludge Pasteurization,November 2025,0
0661cebc-b4c5-4f2d-a891-cda46017ebd7,Solar Water Heater Modeling for Fecal Sludge Pasteurization,December 2025,1
0661cebc-b4c5-4f2d-a891-cda46017ebd7,Solar Water Heater Modeling for Fecal Sludge Pasteurization,January 2026,0
e43892eb-8d10-4b40-8251-4e3691ea495e,"Design of an HDPE bottle collection and pre-cleaning system for recycling in Blantyre, Malawi",July 2025,17
e43892eb-8d10-4b40-8251-4e3691ea495e,"Design of an HDPE bottle collection and pre-cleaning system for recycling in Blantyre, Malawi",August 2025,10
e43892eb-8d10-4b40-8251-4e3691ea495e,"Design of an HDPE bottle collection and pre-cleaning system for recycling in Blantyre, Malawi",September 2025,7
e43892eb-8d10-4b40-8251-4e3691ea495e,"Design of an HDPE bottle collection and pre-cleaning system for recycling in Blantyre, Malawi",October 2025,4
e43892eb-8d10-4b40-8251-4e3691ea495e,"Design of an HDPE bottle collection and pre-cleaning system for recycling in Blantyre, Malawi",November 2025,4
e43892eb-8d10-4b40-8251-4e3691ea495e,"Design of an HDPE bottle collection and pre-cleaning system for recycling in Blantyre, Malawi",December 2025,1
e43892eb-8d10-4b40-8251-4e3691ea495e,"Design of an HDPE bottle collection and pre-cleaning system for recycling in Blantyre, Malawi",January 2026,7
db552661-fc9b-4b4e-94b7-88f4ae4de3b9,"Improving Market Wash Stations Through Creative and Contextual Design in Durban, South Africa",July 2025,11
db552661-fc9b-4b4e-94b7-88f4ae4de3b9,"Improving Market Wash Stations Through Creative and Contextual Design in Durban, South Africa",August 2025,5
db552661-fc9b-4b4e-94b7-88f4ae4de3b9,"Improving Market Wash Stations Through Creative and Contextual Design in Durban, South Africa",September 2025,8
db552661-fc9b-4b4e-94b7-88f4ae4de3b9,"Improving Market Wash Stations Through Creative and Contextual Design in Durban, South Africa",October 2025,4
db552661-fc9b-4b4e-94b7-88f4ae4de3b9,"Improving Market Wash Stations Through Creative and Contextual Design in Durban, South Africa",November 2025,4
db552661-fc9b-4b4e-94b7-88f4ae4de3b9,"Improving Market Wash Stations Through Creative and Contextual Design in Durban, South Africa",December 2025,8
db552661-fc9b-4b4e-94b7-88f4ae4de3b9,"Improving Market Wash Stations Through Creative and Contextual Design in Durban, South Africa",January 2026,2
da7e09e6-b512-4da0-a3c4-14fb17a74616,"Blood flows: mapping journeys of menstrual waste in Blantyre, Malawi",July 2025,1
da7e09e6-b512-4da0-a3c4-14fb17a74616,"Blood flows: mapping journeys of menstrual waste in Blantyre, Malawi",August 2025,1
da7e09e6-b512-4da0-a3c4-14fb17a74616,"Blood flows: mapping journeys of menstrual waste in Blantyre, Malawi",September 2025,0
da7e09e6-b512-4da0-a3c4-14fb17a74616,"Blood flows: mapping journeys of menstrual waste in Blantyre, Malawi",October 2025,0
da7e09e6-b512-4da0-a3c4-14fb17a74616,"Blood flows: mapping journeys of menstrual waste in Blantyre, Malawi",November 2025,0
da7e09e6-b512-4da0-a3c4-14fb17a74616,"Blood flows: mapping journeys of menstrual waste in Blantyre, Malawi",December 2025,0
da7e09e6-b512-4da0-a3c4-14fb17a74616,"Blood flows: mapping journeys of menstrual waste in Blantyre, Malawi",January 2026,0
e1ff3929-3468-467f-9662-69dd407755c7,Designing a small-scale screw press for blackwater dewatering,July 2025,8
e1ff3929-3468-467f-9662-69dd407755c7,Designing a small-scale screw press for blackwater dewatering,August 2025,15
e1ff3929-3468-467f-9662-69dd407755c7,Designing a small-scale screw press for blackwater dewatering,September 2025,4
e1ff3929-3468-467f-9662-69dd407755c7,Designing a small-scale screw press for blackwater dewatering,October 2025,2
e1ff3929-3468-467f-9662-69dd407755c7,Designing a small-scale screw press for blackwater dewatering,November 2025,21
e1ff3929-3468-467f-9662-69dd407755c7,Designing a small-scale screw press for blackwater dewatering,December 2025,13
e1ff3929-3468-467f-9662-69dd407755c7,Designing a small-scale screw press for blackwater dewatering,January 2026,3
e06c3a59-60be-4ac3-bce2-41b72d823420,Barriers to Waste Management Services Integration for Ethiopian and Eritrean Migrants within the City of Zürich,July 2025,4
e06c3a59-60be-4ac3-bce2-41b72d823420,Barriers to Waste Management Services Integration for Ethiopian and Eritrean Migrants within the City of Zürich,August 2025,0
e06c3a59-60be-4ac3-bce2-41b72d823420,Barriers to Waste Management Services Integration for Ethiopian and Eritrean Migrants within the City of Zürich,September 2025,1
e06c3a59-60be-4ac3-bce2-41b72d823420,Barriers to Waste Management Services Integration for Ethiopian and Eritrean Migrants within the City of Zürich,October 2025,0
e06c3a59-60be-4ac3-bce2-41b72d823420,Barriers to Waste Management Services Integration for Ethiopian and Eritrean Migrants within the City of Zürich,November 2025,4
e06c3a59-60be-4ac3-bce2-41b72d823420,Barriers to Waste Management Services Integration for Ethiopian and Eritrean Migrants within the City of Zürich,December 2025,0
e06c3a59-60be-4ac3-bce2-41b72d823420,Barriers to Waste Management Services Integration for Ethiopian and Eritrean Migrants within the City of Zürich,January 2026,0
fa1b5d81-2534-4ef0-a7fb-78c1ee3821c5,"""You need to dispose of them somewhere safe"": Covid-19, masks, and the pit latrine in Malawi and South Africa",July 2025,5
fa1b5d81-2534-4ef0-a7fb-78c1ee3821c5,"""You need to dispose of them somewhere safe"": Covid-19, masks, and the pit latrine in Malawi and South Africa",August 2025,2
fa1b5d81-2534-4ef0-a7fb-78c1ee3821c5,"""You need to dispose of them somewhere safe"": Covid-19, masks, and the pit latrine in Malawi and South Africa",September 2025,0
fa1b5d81-2534-4ef0-a7fb-78c1ee3821c5,"""You need to dispose of them somewhere safe"": Covid-19, masks, and the pit latrine in Malawi and South Africa",October 2025,0
fa1b5d81-2534-4ef0-a7fb-78c1ee3821c5,"""You need to dispose of them somewhere safe"": Covid-19, masks, and the pit latrine in Malawi and South Africa",November 2025,0
fa1b5d81-2534-4ef0-a7fb-78c1ee3821c5,"""You need to dispose of them somewhere safe"": Covid-19, masks, and the pit latrine in Malawi and South Africa",December 2025,0
fa1b5d81-2534-4ef0-a7fb-78c1ee3821c5,"""You need to dispose of them somewhere safe"": Covid-19, masks, and the pit latrine in Malawi and South Africa",January 2026,0
fa70ed8d-f821-4662-b54b-622ab2acfd2b,Low-cost compost screening technology to improve trash separation,July 2025,11
fa70ed8d-f821-4662-b54b-622ab2acfd2b,Low-cost compost screening technology to improve trash separation,August 2025,3
fa70ed8d-f821-4662-b54b-622ab2acfd2b,Low-cost compost screening technology to improve trash separation,September 2025,0
fa70ed8d-f821-4662-b54b-622ab2acfd2b,Low-cost compost screening technology to improve trash separation,October 2025,1
fa70ed8d-f821-4662-b54b-622ab2acfd2b,Low-cost compost screening technology to improve trash separation,November 2025,2
fa70ed8d-f821-4662-b54b-622ab2acfd2b,Low-cost compost screening technology to improve trash separation,December 2025,0
fa70ed8d-f821-4662-b54b-622ab2acfd2b,Low-cost compost screening technology to improve trash separation,January 2026,0
17168d1e-8cce-4886-875f-a934272ccd70,"Technical Documentation: Low-Cost Glass Crusher for Cape Maclear, Malawi: Design, Maintenance, Operation, and Results",July 2025,2
17168d1e-8cce-4886-875f-a934272ccd70,"Technical Documentation: Low-Cost Glass Crusher for Cape Maclear, Malawi: Design, Maintenance, Operation, and Results",August 2025,1
17168d1e-8cce-4886-875f-a934272ccd70,"Technical Documentation: Low-Cost Glass Crusher for Cape Maclear, Malawi: Design, Maintenance, Operation, and Results",September 2025,0
17168d1e-8cce-4886-875f-a934272ccd70,"Technical Documentation: Low-Cost Glass Crusher for Cape Maclear, Malawi: Design, Maintenance, Operation, and Results",October 2025,3
17168d1e-8cce-4886-875f-a934272ccd70,"Technical Documentation: Low-Cost Glass Crusher for Cape Maclear, Malawi: Design, Maintenance, Operation, and Results",November 2025,0
17168d1e-8cce-4886-875f-a934272ccd70,"Technical Documentation: Low-Cost Glass Crusher for Cape Maclear, Malawi: Design, Maintenance, Operation, and Results",December 2025,0
17168d1e-8cce-4886-875f-a934272ccd70,"Technical Documentation: Low-Cost Glass Crusher for Cape Maclear, Malawi: Design, Maintenance, Operation, and Results",January 2026,0
d34addb5-4ed5-44b9-aef6-36b5409a7215,"Conceptualising Reuse in African Households: Perspectives from Chembe, Malawi",July 2025,1
d34addb5-4ed5-44b9-aef6-36b5409a7215,"Conceptualising Reuse in African Households: Perspectives from Chembe, Malawi",August 2025,1
d34addb5-4ed5-44b9-aef6-36b5409a7215,"Conceptualising Reuse in African Households: Perspectives from Chembe, Malawi",September 2025,1
d34addb5-4ed5-44b9-aef6-36b5409a7215,"Conceptualising Reuse in African Households: Perspectives from Chembe, Malawi",October 2025,0
d34addb5-4ed5-44b9-aef6-36b5409a7215,"Conceptualising Reuse in African Households: Perspectives from Chembe, Malawi",November 2025,1
d34addb5-4ed5-44b9-aef6-36b5409a7215,"Conceptualising Reuse in African Households: Perspectives from Chembe, Malawi",December 2025,0
d34addb5-4ed5-44b9-aef6-36b5409a7215,"Conceptualising Reuse in African Households: Perspectives from Chembe, Malawi",January 2026,0
476b41a5-4681-474c-9350-70456325bfb3,"Feasibility of Waste Maize Husk Valorization as a Plastic Plate Replacement in Durban, South Africa",July 2025,8
476b41a5-4681-474c-9350-70456325bfb3,"Feasibility of Waste Maize Husk Valorization as a Plastic Plate Replacement in Durban, South Africa",August 2025,3
476b41a5-4681-474c-9350-70456325bfb3,"Feasibility of Waste Maize Husk Valorization as a Plastic Plate Replacement in Durban, South Africa",September 2025,0
476b41a5-4681-474c-9350-70456325bfb3,"Feasibility of Waste Maize Husk Valorization as a Plastic Plate Replacement in Durban, South Africa",October 2025,1
476b41a5-4681-474c-9350-70456325bfb3,"Feasibility of Waste Maize Husk Valorization as a Plastic Plate Replacement in Durban, South Africa",November 2025,2
476b41a5-4681-474c-9350-70456325bfb3,"Feasibility of Waste Maize Husk Valorization as a Plastic Plate Replacement in Durban, South Africa",December 2025,0
476b41a5-4681-474c-9350-70456325bfb3,"Feasibility of Waste Maize Husk Valorization as a Plastic Plate Replacement in Durban, South Africa",January 2026,0
2e4d8b72-b9eb-44cd-8183-2df25c1709d1,"Evaluating the potential of Extended Producer Responsibility returns for a small local waste collection company through a brand audit of riverine plastic waste in Durban, South Africa",July 2025,6
2e4d8b72-b9eb-44cd-8183-2df25c1709d1,"Evaluating the potential of Extended Producer Responsibility returns for a small local waste collection company through a brand audit of riverine plastic waste in Durban, South Africa",August 2025,6
2e4d8b72-b9eb-44cd-8183-2df25c1709d1,"Evaluating the potential of Extended Producer Responsibility returns for a small local waste collection company through a brand audit of riverine plastic waste in Durban, South Africa",September 2025,3
2e4d8b72-b9eb-44cd-8183-2df25c1709d1,"Evaluating the potential of Extended Producer Responsibility returns for a small local waste collection company through a brand audit of riverine plastic waste in Durban, South Africa",October 2025,3
2e4d8b72-b9eb-44cd-8183-2df25c1709d1,"Evaluating the potential of Extended Producer Responsibility returns for a small local waste collection company through a brand audit of riverine plastic waste in Durban, South Africa",November 2025,7
2e4d8b72-b9eb-44cd-8183-2df25c1709d1,"Evaluating the potential of Extended Producer Responsibility returns for a small local waste collection company through a brand audit of riverine plastic waste in Durban, South Africa",December 2025,3
2e4d8b72-b9eb-44cd-8183-2df25c1709d1,"Evaluating the potential of Extended Producer Responsibility returns for a small local waste collection company through a brand audit of riverine plastic waste in Durban, South Africa",January 2026,0
26c26167-62c6-4d08-b0e2-9ccc569828ba,"Advancements in and Integration of Water, Sanitation, and Solid Waste for Low- and Middle-Income Countries",July 2025,8
26c26167-62c6-4d08-b0e2-9ccc569828ba,"Advancements in and Integration of Water, Sanitation, and Solid Waste for Low- and Middle-Income Countries",August 2025,1
26c26167-62c6-4d08-b0e2-9ccc569828ba,"Advancements in and Integration of Water, Sanitation, and Solid Waste for Low- and Middle-Income Countries",September 2025,0
26c26167-62c6-4d08-b0e2-9ccc569828ba,"Advancements in and Integration of Water, Sanitation, and Solid Waste for Low- and Middle-Income Countries",October 2025,1
26c26167-62c6-4d08-b0e2-9ccc569828ba,"Advancements in and Integration of Water, Sanitation, and Solid Waste for Low- and Middle-Income Countries",November 2025,1
26c26167-62c6-4d08-b0e2-9ccc569828ba,"Advancements in and Integration of Water, Sanitation, and Solid Waste for Low- and Middle-Income Countries",December 2025,17
26c26167-62c6-4d08-b0e2-9ccc569828ba,"Advancements in and Integration of Water, Sanitation, and Solid Waste for Low- and Middle-Income Countries",January 2026,0
289c935d-85c8-47e0-aaa5-e86aef49e3e6,Consumption: the missing link towards phosphorus security,July 2025,5
289c935d-85c8-47e0-aaa5-e86aef49e3e6,Consumption: the missing link towards phosphorus security,August 2025,0
289c935d-85c8-47e0-aaa5-e86aef49e3e6,Consumption: the missing link towards phosphorus security,September 2025,0
289c935d-85c8-47e0-aaa5-e86aef49e3e6,Consumption: the missing link towards phosphorus security,October 2025,0
289c935d-85c8-47e0-aaa5-e86aef49e3e6,Consumption: the missing link towards phosphorus security,November 2025,0
289c935d-85c8-47e0-aaa5-e86aef49e3e6,Consumption: the missing link towards phosphorus security,December 2025,0
289c935d-85c8-47e0-aaa5-e86aef49e3e6,Consumption: the missing link towards phosphorus security,January 2026,0
29350107-2b2e-489f-a7ce-ace2efdbd121,Psychosocial factors associated with intention to pursue tertiary education among Malawian students: The moderating effect of mental health,July 2025,2
29350107-2b2e-489f-a7ce-ace2efdbd121,Psychosocial factors associated with intention to pursue tertiary education among Malawian students: The moderating effect of mental health,August 2025,1
29350107-2b2e-489f-a7ce-ace2efdbd121,Psychosocial factors associated with intention to pursue tertiary education among Malawian students: The moderating effect of mental health,September 2025,0
29350107-2b2e-489f-a7ce-ace2efdbd121,Psychosocial factors associated with intention to pursue tertiary education among Malawian students: The moderating effect of mental health,October 2025,0
29350107-2b2e-489f-a7ce-ace2efdbd121,Psychosocial factors associated with intention to pursue tertiary education among Malawian students: The moderating effect of mental health,November 2025,0
29350107-2b2e-489f-a7ce-ace2efdbd121,Psychosocial factors associated with intention to pursue tertiary education among Malawian students: The moderating effect of mental health,December 2025,0
29350107-2b2e-489f-a7ce-ace2efdbd121,Psychosocial factors associated with intention to pursue tertiary education among Malawian students: The moderating effect of mental health,January 2026,0
889167df-608f-4cdb-a5ca-1e73ac0805dd,"Urine-Diverting Dry Toilet Design, Manifacturing, and Performance Testing of Earth Concrete",July 2025,26
889167df-608f-4cdb-a5ca-1e73ac0805dd,"Urine-Diverting Dry Toilet Design, Manifacturing, and Performance Testing of Earth Concrete",August 2025,14
889167df-608f-4cdb-a5ca-1e73ac0805dd,"Urine-Diverting Dry Toilet Design, Manifacturing, and Performance Testing of Earth Concrete",September 2025,14
889167df-608f-4cdb-a5ca-1e73ac0805dd,"Urine-Diverting Dry Toilet Design, Manifacturing, and Performance Testing of Earth Concrete",October 2025,3
889167df-608f-4cdb-a5ca-1e73ac0805dd,"Urine-Diverting Dry Toilet Design, Manifacturing, and Performance Testing of Earth Concrete",November 2025,11
889167df-608f-4cdb-a5ca-1e73ac0805dd,"Urine-Diverting Dry Toilet Design, Manifacturing, and Performance Testing of Earth Concrete",December 2025,8
889167df-608f-4cdb-a5ca-1e73ac0805dd,"Urine-Diverting Dry Toilet Design, Manifacturing, and Performance Testing of Earth Concrete",January 2026,2
87b2db5f-d46b-48e9-b166-9fc6b2eb8548,"""The rich will always be able to dispose of their waste"": a view from the frontlines of municipal failure in Makhanda, South Africa",July 2025,3
87b2db5f-d46b-48e9-b166-9fc6b2eb8548,"""The rich will always be able to dispose of their waste"": a view from the frontlines of municipal failure in Makhanda, South Africa",August 2025,1
87b2db5f-d46b-48e9-b166-9fc6b2eb8548,"""The rich will always be able to dispose of their waste"": a view from the frontlines of municipal failure in Makhanda, South Africa",September 2025,0
87b2db5f-d46b-48e9-b166-9fc6b2eb8548,"""The rich will always be able to dispose of their waste"": a view from the frontlines of municipal failure in Makhanda, South Africa",October 2025,0
87b2db5f-d46b-48e9-b166-9fc6b2eb8548,"""The rich will always be able to dispose of their waste"": a view from the frontlines of municipal failure in Makhanda, South Africa",November 2025,0
87b2db5f-d46b-48e9-b166-9fc6b2eb8548,"""The rich will always be able to dispose of their waste"": a view from the frontlines of municipal failure in Makhanda, South Africa",December 2025,0
87b2db5f-d46b-48e9-b166-9fc6b2eb8548,"""The rich will always be able to dispose of their waste"": a view from the frontlines of municipal failure in Makhanda, South Africa",January 2026,0
8975ca6c-a7c6-4edb-8d9b-e6470b478786,Guidelines for Low-Cost Incineration Systems,July 2025,2
8975ca6c-a7c6-4edb-8d9b-e6470b478786,Guidelines for Low-Cost Incineration Systems,August 2025,8
8975ca6c-a7c6-4edb-8d9b-e6470b478786,Guidelines for Low-Cost Incineration Systems,September 2025,2
8975ca6c-a7c6-4edb-8d9b-e6470b478786,Guidelines for Low-Cost Incineration Systems,October 2025,4
8975ca6c-a7c6-4edb-8d9b-e6470b478786,Guidelines for Low-Cost Incineration Systems,November 2025,0
8975ca6c-a7c6-4edb-8d9b-e6470b478786,Guidelines for Low-Cost Incineration Systems,December 2025,5
8975ca6c-a7c6-4edb-8d9b-e6470b478786,Guidelines for Low-Cost Incineration Systems,January 2026,6
3db0768b-299f-4ad0-8a19-d2dec596abef,Design and Validation of a Thermal Disinfection Unit for Wastewater using Biogas in Humanitarian Crisis Situations,July 2025,1
3db0768b-299f-4ad0-8a19-d2dec596abef,Design and Validation of a Thermal Disinfection Unit for Wastewater using Biogas in Humanitarian Crisis Situations,August 2025,7
3db0768b-299f-4ad0-8a19-d2dec596abef,Design and Validation of a Thermal Disinfection Unit for Wastewater using Biogas in Humanitarian Crisis Situations,September 2025,3
3db0768b-299f-4ad0-8a19-d2dec596abef,Design and Validation of a Thermal Disinfection Unit for Wastewater using Biogas in Humanitarian Crisis Situations,October 2025,2
3db0768b-299f-4ad0-8a19-d2dec596abef,Design and Validation of a Thermal Disinfection Unit for Wastewater using Biogas in Humanitarian Crisis Situations,November 2025,1
3db0768b-299f-4ad0-8a19-d2dec596abef,Design and Validation of a Thermal Disinfection Unit for Wastewater using Biogas in Humanitarian Crisis Situations,December 2025,0
3db0768b-299f-4ad0-8a19-d2dec596abef,Design and Validation of a Thermal Disinfection Unit for Wastewater using Biogas in Humanitarian Crisis Situations,January 2026,0
3dbdf159-0ae2-45e6-9065-4bc701e44ff3,Microbial community function and bacterial pathogen composition in pit latrines in peri-urban Malawi,July 2025,1
3dbdf159-0ae2-45e6-9065-4bc701e44ff3,Microbial community function and bacterial pathogen composition in pit latrines in peri-urban Malawi,August 2025,1
3dbdf159-0ae2-45e6-9065-4bc701e44ff3,Microbial community function and bacterial pathogen composition in pit latrines in peri-urban Malawi,September 2025,0
3dbdf159-0ae2-45e6-9065-4bc701e44ff3,Microbial community function and bacterial pathogen composition in pit latrines in peri-urban Malawi,October 2025,0
3dbdf159-0ae2-45e6-9065-4bc701e44ff3,Microbial community function and bacterial pathogen composition in pit latrines in peri-urban Malawi,November 2025,0
3dbdf159-0ae2-45e6-9065-4bc701e44ff3,Microbial community function and bacterial pathogen composition in pit latrines in peri-urban Malawi,December 2025,0
3dbdf159-0ae2-45e6-9065-4bc701e44ff3,Microbial community function and bacterial pathogen composition in pit latrines in peri-urban Malawi,January 2026,0
45cfede4-6c1f-434c-bb9a-cf2b61514e4c,Phosphorus flow analysis for Malawi: Identifying potential sources of renewable phosphorus recovery,July 2025,1
45cfede4-6c1f-434c-bb9a-cf2b61514e4c,Phosphorus flow analysis for Malawi: Identifying potential sources of renewable phosphorus recovery,August 2025,1
45cfede4-6c1f-434c-bb9a-cf2b61514e4c,Phosphorus flow analysis for Malawi: Identifying potential sources of renewable phosphorus recovery,September 2025,0
45cfede4-6c1f-434c-bb9a-cf2b61514e4c,Phosphorus flow analysis for Malawi: Identifying potential sources of renewable phosphorus recovery,October 2025,0
45cfede4-6c1f-434c-bb9a-cf2b61514e4c,Phosphorus flow analysis for Malawi: Identifying potential sources of renewable phosphorus recovery,November 2025,0
45cfede4-6c1f-434c-bb9a-cf2b61514e4c,Phosphorus flow analysis for Malawi: Identifying potential sources of renewable phosphorus recovery,December 2025,8
45cfede4-6c1f-434c-bb9a-cf2b61514e4c,Phosphorus flow analysis for Malawi: Identifying potential sources of renewable phosphorus recovery,January 2026,0
3e90996b-a2d2-43dc-9b57-6f270759d074,Detection of Contamination in Biowaste,July 2025,12
3e90996b-a2d2-43dc-9b57-6f270759d074,Detection of Contamination in Biowaste,August 2025,7
3e90996b-a2d2-43dc-9b57-6f270759d074,Detection of Contamination in Biowaste,September 2025,5
3e90996b-a2d2-43dc-9b57-6f270759d074,Detection of Contamination in Biowaste,October 2025,7
3e90996b-a2d2-43dc-9b57-6f270759d074,Detection of Contamination in Biowaste,November 2025,4
3e90996b-a2d2-43dc-9b57-6f270759d074,Detection of Contamination in Biowaste,December 2025,9
3e90996b-a2d2-43dc-9b57-6f270759d074,Detection of Contamination in Biowaste,January 2026,2
6fc41cfd-d57f-452f-93ab-cbd62f439945,Evaluating self-reported measures and alternatives to monitor access to drinking water: A case study in Malawi,July 2025,1
6fc41cfd-d57f-452f-93ab-cbd62f439945,Evaluating self-reported measures and alternatives to monitor access to drinking water: A case study in Malawi,August 2025,1
6fc41cfd-d57f-452f-93ab-cbd62f439945,Evaluating self-reported measures and alternatives to monitor access to drinking water: A case study in Malawi,September 2025,0
6fc41cfd-d57f-452f-93ab-cbd62f439945,Evaluating self-reported measures and alternatives to monitor access to drinking water: A case study in Malawi,October 2025,0
6fc41cfd-d57f-452f-93ab-cbd62f439945,Evaluating self-reported measures and alternatives to monitor access to drinking water: A case study in Malawi,November 2025,0
6fc41cfd-d57f-452f-93ab-cbd62f439945,Evaluating self-reported measures and alternatives to monitor access to drinking water: A case study in Malawi,December 2025,0
6fc41cfd-d57f-452f-93ab-cbd62f439945,Evaluating self-reported measures and alternatives to monitor access to drinking water: A case study in Malawi,January 2026,0
6e76e170-3019-4cfc-b0b0-af83aebbca1e,“Everything continued as normal”: What happened to Africa’s wave of Covid-19 waste?,July 2025,2
6e76e170-3019-4cfc-b0b0-af83aebbca1e,“Everything continued as normal”: What happened to Africa’s wave of Covid-19 waste?,August 2025,3
6e76e170-3019-4cfc-b0b0-af83aebbca1e,“Everything continued as normal”: What happened to Africa’s wave of Covid-19 waste?,September 2025,0
6e76e170-3019-4cfc-b0b0-af83aebbca1e,“Everything continued as normal”: What happened to Africa’s wave of Covid-19 waste?,October 2025,0
6e76e170-3019-4cfc-b0b0-af83aebbca1e,“Everything continued as normal”: What happened to Africa’s wave of Covid-19 waste?,November 2025,0
6e76e170-3019-4cfc-b0b0-af83aebbca1e,“Everything continued as normal”: What happened to Africa’s wave of Covid-19 waste?,December 2025,0
6e76e170-3019-4cfc-b0b0-af83aebbca1e,“Everything continued as normal”: What happened to Africa’s wave of Covid-19 waste?,January 2026,0
6d48fb25-b8e8-4aae-b0b6-0ecaac021752,Effect of fruit and vegetable waste on anaerobic digestion using faecal sludge as primary feedstock,July 2025,6
6d48fb25-b8e8-4aae-b0b6-0ecaac021752,Effect of fruit and vegetable waste on anaerobic digestion using faecal sludge as primary feedstock,August 2025,6
6d48fb25-b8e8-4aae-b0b6-0ecaac021752,Effect of fruit and vegetable waste on anaerobic digestion using faecal sludge as primary feedstock,September 2025,2
6d48fb25-b8e8-4aae-b0b6-0ecaac021752,Effect of fruit and vegetable waste on anaerobic digestion using faecal sludge as primary feedstock,October 2025,9
6d48fb25-b8e8-4aae-b0b6-0ecaac021752,Effect of fruit and vegetable waste on anaerobic digestion using faecal sludge as primary feedstock,November 2025,6
6d48fb25-b8e8-4aae-b0b6-0ecaac021752,Effect of fruit and vegetable waste on anaerobic digestion using faecal sludge as primary feedstock,December 2025,0
6d48fb25-b8e8-4aae-b0b6-0ecaac021752,Effect of fruit and vegetable waste on anaerobic digestion using faecal sludge as primary feedstock,January 2026,0
703928a7-3e18-43ba-a235-dd712b4e5e26,The Cost of Plastics in Compost,July 2025,2
703928a7-3e18-43ba-a235-dd712b4e5e26,The Cost of Plastics in Compost,August 2025,1
703928a7-3e18-43ba-a235-dd712b4e5e26,The Cost of Plastics in Compost,September 2025,0
703928a7-3e18-43ba-a235-dd712b4e5e26,The Cost of Plastics in Compost,October 2025,0
703928a7-3e18-43ba-a235-dd712b4e5e26,The Cost of Plastics in Compost,November 2025,0
703928a7-3e18-43ba-a235-dd712b4e5e26,The Cost of Plastics in Compost,December 2025,0
703928a7-3e18-43ba-a235-dd712b4e5e26,The Cost of Plastics in Compost,January 2026,0
aaec84bb-f22c-47f3-8c34-0b06d9b45d76,"Technical Documentation: Design of an HDPE bottle collection and pre-cleaning system for recycling in Blantyre, Malawi",July 2025,3
aaec84bb-f22c-47f3-8c34-0b06d9b45d76,"Technical Documentation: Design of an HDPE bottle collection and pre-cleaning system for recycling in Blantyre, Malawi",August 2025,4
aaec84bb-f22c-47f3-8c34-0b06d9b45d76,"Technical Documentation: Design of an HDPE bottle collection and pre-cleaning system for recycling in Blantyre, Malawi",September 2025,0
aaec84bb-f22c-47f3-8c34-0b06d9b45d76,"Technical Documentation: Design of an HDPE bottle collection and pre-cleaning system for recycling in Blantyre, Malawi",October 2025,0
aaec84bb-f22c-47f3-8c34-0b06d9b45d76,"Technical Documentation: Design of an HDPE bottle collection and pre-cleaning system for recycling in Blantyre, Malawi",November 2025,2
aaec84bb-f22c-47f3-8c34-0b06d9b45d76,"Technical Documentation: Design of an HDPE bottle collection and pre-cleaning system for recycling in Blantyre, Malawi",December 2025,0
aaec84bb-f22c-47f3-8c34-0b06d9b45d76,"Technical Documentation: Design of an HDPE bottle collection and pre-cleaning system for recycling in Blantyre, Malawi",January 2026,2
a596fbe1-6cc4-45c3-9264-5040c42be141,Community-wide Waste Management System for Cape Maclear,July 2025,5
a596fbe1-6cc4-45c3-9264-5040c42be141,Community-wide Waste Management System for Cape Maclear,August 2025,2
a596fbe1-6cc4-45c3-9264-5040c42be141,Community-wide Waste Management System for Cape Maclear,September 2025,4
a596fbe1-6cc4-45c3-9264-5040c42be141,Community-wide Waste Management System for Cape Maclear,October 2025,2
a596fbe1-6cc4-45c3-9264-5040c42be141,Community-wide Waste Management System for Cape Maclear,November 2025,3
a596fbe1-6cc4-45c3-9264-5040c42be141,Community-wide Waste Management System for Cape Maclear,December 2025,1
a596fbe1-6cc4-45c3-9264-5040c42be141,Community-wide Waste Management System for Cape Maclear,January 2026,1
ab360f7a-7462-450b-9a69-1d2674e4f692,Design and Optimization of a Biogas Burner,July 2025,10
ab360f7a-7462-450b-9a69-1d2674e4f692,Design and Optimization of a Biogas Burner,August 2025,12
ab360f7a-7462-450b-9a69-1d2674e4f692,Design and Optimization of a Biogas Burner,September 2025,3
ab360f7a-7462-450b-9a69-1d2674e4f692,Design and Optimization of a Biogas Burner,October 2025,2
ab360f7a-7462-450b-9a69-1d2674e4f692,Design and Optimization of a Biogas Burner,November 2025,1
ab360f7a-7462-450b-9a69-1d2674e4f692,Design and Optimization of a Biogas Burner,December 2025,1
ab360f7a-7462-450b-9a69-1d2674e4f692,Design and Optimization of a Biogas Burner,January 2026,0
a8eaab0d-f98c-4520-8ac1-1f1e503b2171,"Pit emptying subsidy vouchers: a two-phased targeting and structuring experiment in Blantyre, Malawi",July 2025,1
a8eaab0d-f98c-4520-8ac1-1f1e503b2171,"Pit emptying subsidy vouchers: a two-phased targeting and structuring experiment in Blantyre, Malawi",August 2025,1
a8eaab0d-f98c-4520-8ac1-1f1e503b2171,"Pit emptying subsidy vouchers: a two-phased targeting and structuring experiment in Blantyre, Malawi",September 2025,0
a8eaab0d-f98c-4520-8ac1-1f1e503b2171,"Pit emptying subsidy vouchers: a two-phased targeting and structuring experiment in Blantyre, Malawi",October 2025,0
a8eaab0d-f98c-4520-8ac1-1f1e503b2171,"Pit emptying subsidy vouchers: a two-phased targeting and structuring experiment in Blantyre, Malawi",November 2025,0
a8eaab0d-f98c-4520-8ac1-1f1e503b2171,"Pit emptying subsidy vouchers: a two-phased targeting and structuring experiment in Blantyre, Malawi",December 2025,0
a8eaab0d-f98c-4520-8ac1-1f1e503b2171,"Pit emptying subsidy vouchers: a two-phased targeting and structuring experiment in Blantyre, Malawi",January 2026,0
9cc98b6a-9e90-4ebe-930d-190177a4a419,Expanding horizons: The pedagogical benefits of museum visits for engineering students,July 2025,6
9cc98b6a-9e90-4ebe-930d-190177a4a419,Expanding horizons: The pedagogical benefits of museum visits for engineering students,August 2025,6
9cc98b6a-9e90-4ebe-930d-190177a4a419,Expanding horizons: The pedagogical benefits of museum visits for engineering students,September 2025,2
9cc98b6a-9e90-4ebe-930d-190177a4a419,Expanding horizons: The pedagogical benefits of museum visits for engineering students,October 2025,14
9cc98b6a-9e90-4ebe-930d-190177a4a419,Expanding horizons: The pedagogical benefits of museum visits for engineering students,November 2025,2
9cc98b6a-9e90-4ebe-930d-190177a4a419,Expanding horizons: The pedagogical benefits of museum visits for engineering students,December 2025,0
9cc98b6a-9e90-4ebe-930d-190177a4a419,Expanding horizons: The pedagogical benefits of museum visits for engineering students,January 2026,0
9b6fa712-8963-4214-8964-5adb2ee3f833,Microcontroller Based Particulate Matter Monitors Utilising the Alphasense OPC-N3,July 2025,20
9b6fa712-8963-4214-8964-5adb2ee3f833,Microcontroller Based Particulate Matter Monitors Utilising the Alphasense OPC-N3,August 2025,5
9b6fa712-8963-4214-8964-5adb2ee3f833,Microcontroller Based Particulate Matter Monitors Utilising the Alphasense OPC-N3,September 2025,2
9b6fa712-8963-4214-8964-5adb2ee3f833,Microcontroller Based Particulate Matter Monitors Utilising the Alphasense OPC-N3,October 2025,2
9b6fa712-8963-4214-8964-5adb2ee3f833,Microcontroller Based Particulate Matter Monitors Utilising the Alphasense OPC-N3,November 2025,9
9b6fa712-8963-4214-8964-5adb2ee3f833,Microcontroller Based Particulate Matter Monitors Utilising the Alphasense OPC-N3,December 2025,1
9b6fa712-8963-4214-8964-5adb2ee3f833,Microcontroller Based Particulate Matter Monitors Utilising the Alphasense OPC-N3,January 2026,0
9b21ff8a-dccf-4ec4-830c-7fda5c19024c,Energy production of Black Soldier Fly Larvae: Measuring the temperature increase in air induced by Black Soldier Flies throughout their larval stages,July 2025,9
9b21ff8a-dccf-4ec4-830c-7fda5c19024c,Energy production of Black Soldier Fly Larvae: Measuring the temperature increase in air induced by Black Soldier Flies throughout their larval stages,August 2025,17
9b21ff8a-dccf-4ec4-830c-7fda5c19024c,Energy production of Black Soldier Fly Larvae: Measuring the temperature increase in air induced by Black Soldier Flies throughout their larval stages,September 2025,7
9b21ff8a-dccf-4ec4-830c-7fda5c19024c,Energy production of Black Soldier Fly Larvae: Measuring the temperature increase in air induced by Black Soldier Flies throughout their larval stages,October 2025,6
9b21ff8a-dccf-4ec4-830c-7fda5c19024c,Energy production of Black Soldier Fly Larvae: Measuring the temperature increase in air induced by Black Soldier Flies throughout their larval stages,November 2025,6
9b21ff8a-dccf-4ec4-830c-7fda5c19024c,Energy production of Black Soldier Fly Larvae: Measuring the temperature increase in air induced by Black Soldier Flies throughout their larval stages,December 2025,7
9b21ff8a-dccf-4ec4-830c-7fda5c19024c,Energy production of Black Soldier Fly Larvae: Measuring the temperature increase in air induced by Black Soldier Flies throughout their larval stages,January 2026,5
c42611e5-1104-4c8a-9e63-1f206d76f5a4,“Where does it go?”: Perceptions and problems of riverine and marine litter amongst South Africa and Malawi’s urban poor,July 2025,1
c42611e5-1104-4c8a-9e63-1f206d76f5a4,“Where does it go?”: Perceptions and problems of riverine and marine litter amongst South Africa and Malawi’s urban poor,August 2025,2
c42611e5-1104-4c8a-9e63-1f206d76f5a4,“Where does it go?”: Perceptions and problems of riverine and marine litter amongst South Africa and Malawi’s urban poor,September 2025,0
c42611e5-1104-4c8a-9e63-1f206d76f5a4,“Where does it go?”: Perceptions and problems of riverine and marine litter amongst South Africa and Malawi’s urban poor,October 2025,1
c42611e5-1104-4c8a-9e63-1f206d76f5a4,“Where does it go?”: Perceptions and problems of riverine and marine litter amongst South Africa and Malawi’s urban poor,November 2025,0
c42611e5-1104-4c8a-9e63-1f206d76f5a4,“Where does it go?”: Perceptions and problems of riverine and marine litter amongst South Africa and Malawi’s urban poor,December 2025,0
c42611e5-1104-4c8a-9e63-1f206d76f5a4,“Where does it go?”: Perceptions and problems of riverine and marine litter amongst South Africa and Malawi’s urban poor,January 2026,0
c5602fc8-2a30-4ca7-83bf-477d39c2fe2b,Solar Pasteurisation for Anaerobic Digestion Sludge,July 2025,13
c5602fc8-2a30-4ca7-83bf-477d39c2fe2b,Solar Pasteurisation for Anaerobic Digestion Sludge,August 2025,11
c5602fc8-2a30-4ca7-83bf-477d39c2fe2b,Solar Pasteurisation for Anaerobic Digestion Sludge,September 2025,11
c5602fc8-2a30-4ca7-83bf-477d39c2fe2b,Solar Pasteurisation for Anaerobic Digestion Sludge,October 2025,3
c5602fc8-2a30-4ca7-83bf-477d39c2fe2b,Solar Pasteurisation for Anaerobic Digestion Sludge,November 2025,3
c5602fc8-2a30-4ca7-83bf-477d39c2fe2b,Solar Pasteurisation for Anaerobic Digestion Sludge,December 2025,1
c5602fc8-2a30-4ca7-83bf-477d39c2fe2b,Solar Pasteurisation for Anaerobic Digestion Sludge,January 2026,0
c5abbe75-0a2c-432f-b36f-e19b23d4c2b0,Transforming Waste into Value: A Study on PET Recycling for Insulation Solutions in Malawi,July 2025,21
c5abbe75-0a2c-432f-b36f-e19b23d4c2b0,Transforming Waste into Value: A Study on PET Recycling for Insulation Solutions in Malawi,August 2025,5
c5abbe75-0a2c-432f-b36f-e19b23d4c2b0,Transforming Waste into Value: A Study on PET Recycling for Insulation Solutions in Malawi,September 2025,5
c5abbe75-0a2c-432f-b36f-e19b23d4c2b0,Transforming Waste into Value: A Study on PET Recycling for Insulation Solutions in Malawi,October 2025,4
c5abbe75-0a2c-432f-b36f-e19b23d4c2b0,Transforming Waste into Value: A Study on PET Recycling for Insulation Solutions in Malawi,November 2025,5
c5abbe75-0a2c-432f-b36f-e19b23d4c2b0,Transforming Waste into Value: A Study on PET Recycling for Insulation Solutions in Malawi,December 2025,3
c5abbe75-0a2c-432f-b36f-e19b23d4c2b0,Transforming Waste into Value: A Study on PET Recycling for Insulation Solutions in Malawi,January 2026,0
c3228596-df03-41af-b43c-59bcc35a2c36,"Becoming 'Swiss': waste management integration among Ethiopian and Eritrean migrants in Zürich, Switzerland",July 2025,0
c3228596-df03-41af-b43c-59bcc35a2c36,"Becoming 'Swiss': waste management integration among Ethiopian and Eritrean migrants in Zürich, Switzerland",August 2025,1
c3228596-df03-41af-b43c-59bcc35a2c36,"Becoming 'Swiss': waste management integration among Ethiopian and Eritrean migrants in Zürich, Switzerland",September 2025,0
c3228596-df03-41af-b43c-59bcc35a2c36,"Becoming 'Swiss': waste management integration among Ethiopian and Eritrean migrants in Zürich, Switzerland",October 2025,3
c3228596-df03-41af-b43c-59bcc35a2c36,"Becoming 'Swiss': waste management integration among Ethiopian and Eritrean migrants in Zürich, Switzerland",November 2025,0
c3228596-df03-41af-b43c-59bcc35a2c36,"Becoming 'Swiss': waste management integration among Ethiopian and Eritrean migrants in Zürich, Switzerland",December 2025,0
c3228596-df03-41af-b43c-59bcc35a2c36,"Becoming 'Swiss': waste management integration among Ethiopian and Eritrean migrants in Zürich, Switzerland",January 2026,0
c1abe288-ec08-425f-8021-cd30f78eb868,"Poverty, politics and plastic: Organic waste sorting in Blantyre's public markets",July 2025,2
c1abe288-ec08-425f-8021-cd30f78eb868,"Poverty, politics and plastic: Organic waste sorting in Blantyre's public markets",August 2025,5
c1abe288-ec08-425f-8021-cd30f78eb868,"Poverty, politics and plastic: Organic waste sorting in Blantyre's public markets",September 2025,1
c1abe288-ec08-425f-8021-cd30f78eb868,"Poverty, politics and plastic: Organic waste sorting in Blantyre's public markets",October 2025,0
c1abe288-ec08-425f-8021-cd30f78eb868,"Poverty, politics and plastic: Organic waste sorting in Blantyre's public markets",November 2025,0
c1abe288-ec08-425f-8021-cd30f78eb868,"Poverty, politics and plastic: Organic waste sorting in Blantyre's public markets",December 2025,0
c1abe288-ec08-425f-8021-cd30f78eb868,"Poverty, politics and plastic: Organic waste sorting in Blantyre's public markets",January 2026,0
ba1cec12-e0c4-439c-a0aa-f3b8544c552e,"Optimizing Municipal Solid Waste Management in Blantyre, Malawi using Mixed-Integer Linear Programming",July 2025,8
ba1cec12-e0c4-439c-a0aa-f3b8544c552e,"Optimizing Municipal Solid Waste Management in Blantyre, Malawi using Mixed-Integer Linear Programming",August 2025,3
ba1cec12-e0c4-439c-a0aa-f3b8544c552e,"Optimizing Municipal Solid Waste Management in Blantyre, Malawi using Mixed-Integer Linear Programming",September 2025,2
ba1cec12-e0c4-439c-a0aa-f3b8544c552e,"Optimizing Municipal Solid Waste Management in Blantyre, Malawi using Mixed-Integer Linear Programming",October 2025,2
ba1cec12-e0c4-439c-a0aa-f3b8544c552e,"Optimizing Municipal Solid Waste Management in Blantyre, Malawi using Mixed-Integer Linear Programming",November 2025,2
ba1cec12-e0c4-439c-a0aa-f3b8544c552e,"Optimizing Municipal Solid Waste Management in Blantyre, Malawi using Mixed-Integer Linear Programming",December 2025,0
ba1cec12-e0c4-439c-a0aa-f3b8544c552e,"Optimizing Municipal Solid Waste Management in Blantyre, Malawi using Mixed-Integer Linear Programming",January 2026,0
d15b8003-90ee-44a4-a748-97362b984c6a,Impact of sampling depth on pathogen detection in pit latrines,July 2025,0
d15b8003-90ee-44a4-a748-97362b984c6a,Impact of sampling depth on pathogen detection in pit latrines,August 2025,3
d15b8003-90ee-44a4-a748-97362b984c6a,Impact of sampling depth on pathogen detection in pit latrines,September 2025,0
d15b8003-90ee-44a4-a748-97362b984c6a,Impact of sampling depth on pathogen detection in pit latrines,October 2025,1
d15b8003-90ee-44a4-a748-97362b984c6a,Impact of sampling depth on pathogen detection in pit latrines,November 2025,0
d15b8003-90ee-44a4-a748-97362b984c6a,Impact of sampling depth on pathogen detection in pit latrines,December 2025,0
d15b8003-90ee-44a4-a748-97362b984c6a,Impact of sampling depth on pathogen detection in pit latrines,January 2026,0
d15fb226-6803-453d-b1f3-5bccd9687063,Investigating the Optimization Potential of Brick Clamps in Malawi,July 2025,0
d15fb226-6803-453d-b1f3-5bccd9687063,Investigating the Optimization Potential of Brick Clamps in Malawi,August 2025,4
d15fb226-6803-453d-b1f3-5bccd9687063,Investigating the Optimization Potential of Brick Clamps in Malawi,September 2025,1
d15fb226-6803-453d-b1f3-5bccd9687063,Investigating the Optimization Potential of Brick Clamps in Malawi,October 2025,0
d15fb226-6803-453d-b1f3-5bccd9687063,Investigating the Optimization Potential of Brick Clamps in Malawi,November 2025,0
d15fb226-6803-453d-b1f3-5bccd9687063,Investigating the Optimization Potential of Brick Clamps in Malawi,December 2025,0
d15fb226-6803-453d-b1f3-5bccd9687063,Investigating the Optimization Potential of Brick Clamps in Malawi,January 2026,0
d06a6b15-428e-411e-9c2e-e59c62ca71b1,Experimental Optimization of a Peristaltic Pump Prototype for Pit-Emptying,July 2025,8
d06a6b15-428e-411e-9c2e-e59c62ca71b1,Experimental Optimization of a Peristaltic Pump Prototype for Pit-Emptying,August 2025,3
d06a6b15-428e-411e-9c2e-e59c62ca71b1,Experimental Optimization of a Peristaltic Pump Prototype for Pit-Emptying,September 2025,0
d06a6b15-428e-411e-9c2e-e59c62ca71b1,Experimental Optimization of a Peristaltic Pump Prototype for Pit-Emptying,October 2025,0
d06a6b15-428e-411e-9c2e-e59c62ca71b1,Experimental Optimization of a Peristaltic Pump Prototype for Pit-Emptying,November 2025,0
d06a6b15-428e-411e-9c2e-e59c62ca71b1,Experimental Optimization of a Peristaltic Pump Prototype for Pit-Emptying,December 2025,2
d06a6b15-428e-411e-9c2e-e59c62ca71b1,Experimental Optimization of a Peristaltic Pump Prototype for Pit-Emptying,January 2026,2
d0c6af2e-64b8-4d23-88bc-1f7ff6f4cc27,From failure to fairness: A call for accountability within household biogas development,July 2025,1
d0c6af2e-64b8-4d23-88bc-1f7ff6f4cc27,From failure to fairness: A call for accountability within household biogas development,August 2025,1
d0c6af2e-64b8-4d23-88bc-1f7ff6f4cc27,From failure to fairness: A call for accountability within household biogas development,September 2025,0
d0c6af2e-64b8-4d23-88bc-1f7ff6f4cc27,From failure to fairness: A call for accountability within household biogas development,October 2025,0
d0c6af2e-64b8-4d23-88bc-1f7ff6f4cc27,From failure to fairness: A call for accountability within household biogas development,November 2025,0
d0c6af2e-64b8-4d23-88bc-1f7ff6f4cc27,From failure to fairness: A call for accountability within household biogas development,December 2025,0
d0c6af2e-64b8-4d23-88bc-1f7ff6f4cc27,From failure to fairness: A call for accountability within household biogas development,January 2026,0
d22e5787-9de7-4f16-8e86-a18fd0877111,"Development of a Low-Cost Incinerator in Cape Maclear, Malawi",July 2025,16
d22e5787-9de7-4f16-8e86-a18fd0877111,"Development of a Low-Cost Incinerator in Cape Maclear, Malawi",August 2025,19
d22e5787-9de7-4f16-8e86-a18fd0877111,"Development of a Low-Cost Incinerator in Cape Maclear, Malawi",September 2025,18
d22e5787-9de7-4f16-8e86-a18fd0877111,"Development of a Low-Cost Incinerator in Cape Maclear, Malawi",October 2025,10
d22e5787-9de7-4f16-8e86-a18fd0877111,"Development of a Low-Cost Incinerator in Cape Maclear, Malawi",November 2025,8
d22e5787-9de7-4f16-8e86-a18fd0877111,"Development of a Low-Cost Incinerator in Cape Maclear, Malawi",December 2025,12
d22e5787-9de7-4f16-8e86-a18fd0877111,"Development of a Low-Cost Incinerator in Cape Maclear, Malawi",January 2026,8
ec9f72c4-aedb-45ad-ac1a-ed92a4c7eee1,Inclusion of Malawian Youth in Higher Education,July 2025,18
ec9f72c4-aedb-45ad-ac1a-ed92a4c7eee1,Inclusion of Malawian Youth in Higher Education,August 2025,7
ec9f72c4-aedb-45ad-ac1a-ed92a4c7eee1,Inclusion of Malawian Youth in Higher Education,September 2025,3
ec9f72c4-aedb-45ad-ac1a-ed92a4c7eee1,Inclusion of Malawian Youth in Higher Education,October 2025,3
ec9f72c4-aedb-45ad-ac1a-ed92a4c7eee1,Inclusion of Malawian Youth in Higher Education,November 2025,7
ec9f72c4-aedb-45ad-ac1a-ed92a4c7eee1,Inclusion of Malawian Youth in Higher Education,December 2025,1
ec9f72c4-aedb-45ad-ac1a-ed92a4c7eee1,Inclusion of Malawian Youth in Higher Education,January 2026,0
ec94f0e8-6592-46bd-8bdb-912b53feb0d7,Financial and operational sustainability of a gravity-fed rural piped water supply system in Malawi,July 2025,0
ec94f0e8-6592-46bd-8bdb-912b53feb0d7,Financial and operational sustainability of a gravity-fed rural piped water supply system in Malawi,August 2025,1
ec94f0e8-6592-46bd-8bdb-912b53feb0d7,Financial and operational sustainability of a gravity-fed rural piped water supply system in Malawi,September 2025,0
ec94f0e8-6592-46bd-8bdb-912b53feb0d7,Financial and operational sustainability of a gravity-fed rural piped water supply system in Malawi,October 2025,0
ec94f0e8-6592-46bd-8bdb-912b53feb0d7,Financial and operational sustainability of a gravity-fed rural piped water supply system in Malawi,November 2025,0
ec94f0e8-6592-46bd-8bdb-912b53feb0d7,Financial and operational sustainability of a gravity-fed rural piped water supply system in Malawi,December 2025,0
ec94f0e8-6592-46bd-8bdb-912b53feb0d7,Financial and operational sustainability of a gravity-fed rural piped water supply system in Malawi,January 2026,0
e6b5c389-8960-4a69-a826-ee04924db8b8,Evaluation of the waste management system at the Züri Fäscht,July 2025,10
e6b5c389-8960-4a69-a826-ee04924db8b8,Evaluation of the waste management system at the Züri Fäscht,August 2025,6
e6b5c389-8960-4a69-a826-ee04924db8b8,Evaluation of the waste management system at the Züri Fäscht,September 2025,3
e6b5c389-8960-4a69-a826-ee04924db8b8,Evaluation of the waste management system at the Züri Fäscht,October 2025,7
e6b5c389-8960-4a69-a826-ee04924db8b8,Evaluation of the waste management system at the Züri Fäscht,November 2025,4
e6b5c389-8960-4a69-a826-ee04924db8b8,Evaluation of the waste management system at the Züri Fäscht,December 2025,5
e6b5c389-8960-4a69-a826-ee04924db8b8,Evaluation of the waste management system at the Züri Fäscht,January 2026,0
e6a591f5-0a52-4612-b7a4-8b44756a0fe6,"bcsa: Data for source-apportionment of light absorbing carbon in Blantyre, Malawi",July 2025,12
e6a591f5-0a52-4612-b7a4-8b44756a0fe6,"bcsa: Data for source-apportionment of light absorbing carbon in Blantyre, Malawi",August 2025,6
e6a591f5-0a52-4612-b7a4-8b44756a0fe6,"bcsa: Data for source-apportionment of light absorbing carbon in Blantyre, Malawi",September 2025,2
e6a591f5-0a52-4612-b7a4-8b44756a0fe6,"bcsa: Data for source-apportionment of light absorbing carbon in Blantyre, Malawi",October 2025,5
e6a591f5-0a52-4612-b7a4-8b44756a0fe6,"bcsa: Data for source-apportionment of light absorbing carbon in Blantyre, Malawi",November 2025,6
e6a591f5-0a52-4612-b7a4-8b44756a0fe6,"bcsa: Data for source-apportionment of light absorbing carbon in Blantyre, Malawi",December 2025,7
e6a591f5-0a52-4612-b7a4-8b44756a0fe6,"bcsa: Data for source-apportionment of light absorbing carbon in Blantyre, Malawi",January 2026,0
ddfa6070-6bed-4d26-a0da-4c167226024f,Data Logger for Remote Monitoring of Biogas,July 2025,5
ddfa6070-6bed-4d26-a0da-4c167226024f,Data Logger for Remote Monitoring of Biogas,August 2025,4
ddfa6070-6bed-4d26-a0da-4c167226024f,Data Logger for Remote Monitoring of Biogas,September 2025,0
ddfa6070-6bed-4d26-a0da-4c167226024f,Data Logger for Remote Monitoring of Biogas,October 2025,3
ddfa6070-6bed-4d26-a0da-4c167226024f,Data Logger for Remote Monitoring of Biogas,November 2025,1
ddfa6070-6bed-4d26-a0da-4c167226024f,Data Logger for Remote Monitoring of Biogas,December 2025,0
ddfa6070-6bed-4d26-a0da-4c167226024f,Data Logger for Remote Monitoring of Biogas,January 2026,1
ddb798d6-95ef-4ad7-9b44-72b60324cadd,Plastic separation - A review,July 2025,19
ddb798d6-95ef-4ad7-9b44-72b60324cadd,Plastic separation - A review,August 2025,16
ddb798d6-95ef-4ad7-9b44-72b60324cadd,Plastic separation - A review,September 2025,13
ddb798d6-95ef-4ad7-9b44-72b60324cadd,Plastic separation - A review,October 2025,23
ddb798d6-95ef-4ad7-9b44-72b60324cadd,Plastic separation - A review,November 2025,13
ddb798d6-95ef-4ad7-9b44-72b60324cadd,Plastic separation - A review,December 2025,12
ddb798d6-95ef-4ad7-9b44-72b60324cadd,Plastic separation - A review,January 2026,4
08ad9510-f5cd-404f-bfc4-0e9e57a5ecdb,Bin it - Design of an absorbent hygiene product waste collection model for informal settlements in South Africa,July 2025,1
08ad9510-f5cd-404f-bfc4-0e9e57a5ecdb,Bin it - Design of an absorbent hygiene product waste collection model for informal settlements in South Africa,August 2025,4
08ad9510-f5cd-404f-bfc4-0e9e57a5ecdb,Bin it - Design of an absorbent hygiene product waste collection model for informal settlements in South Africa,September 2025,1
08ad9510-f5cd-404f-bfc4-0e9e57a5ecdb,Bin it - Design of an absorbent hygiene product waste collection model for informal settlements in South Africa,October 2025,3
08ad9510-f5cd-404f-bfc4-0e9e57a5ecdb,Bin it - Design of an absorbent hygiene product waste collection model for informal settlements in South Africa,November 2025,5
08ad9510-f5cd-404f-bfc4-0e9e57a5ecdb,Bin it - Design of an absorbent hygiene product waste collection model for informal settlements in South Africa,December 2025,0
08ad9510-f5cd-404f-bfc4-0e9e57a5ecdb,Bin it - Design of an absorbent hygiene product waste collection model for informal settlements in South Africa,January 2026,0
11baf63e-91a3-467c-aba1-d432b89cf114,durbanplasticwaste: Durban (South Africa) Plastic Waste Data,July 2025,2
11baf63e-91a3-467c-aba1-d432b89cf114,durbanplasticwaste: Durban (South Africa) Plastic Waste Data,August 2025,5
11baf63e-91a3-467c-aba1-d432b89cf114,durbanplasticwaste: Durban (South Africa) Plastic Waste Data,September 2025,0
11baf63e-91a3-467c-aba1-d432b89cf114,durbanplasticwaste: Durban (South Africa) Plastic Waste Data,October 2025,0
11baf63e-91a3-467c-aba1-d432b89cf114,durbanplasticwaste: Durban (South Africa) Plastic Waste Data,November 2025,0
11baf63e-91a3-467c-aba1-d432b89cf114,durbanplasticwaste: Durban (South Africa) Plastic Waste Data,December 2025,0
11baf63e-91a3-467c-aba1-d432b89cf114,durbanplasticwaste: Durban (South Africa) Plastic Waste Data,January 2026,1
0b8ee29c-b8a8-4aa1-abfd-095162f3c9cf,"“I have just accepted it”: Hierarchies of Power and Healthcare Waste Management Practices in Blantyre, Malawi",July 2025,0
0b8ee29c-b8a8-4aa1-abfd-095162f3c9cf,"“I have just accepted it”: Hierarchies of Power and Healthcare Waste Management Practices in Blantyre, Malawi",August 2025,2
0b8ee29c-b8a8-4aa1-abfd-095162f3c9cf,"“I have just accepted it”: Hierarchies of Power and Healthcare Waste Management Practices in Blantyre, Malawi",September 2025,2
0b8ee29c-b8a8-4aa1-abfd-095162f3c9cf,"“I have just accepted it”: Hierarchies of Power and Healthcare Waste Management Practices in Blantyre, Malawi",October 2025,5
0b8ee29c-b8a8-4aa1-abfd-095162f3c9cf,"“I have just accepted it”: Hierarchies of Power and Healthcare Waste Management Practices in Blantyre, Malawi",November 2025,4
0b8ee29c-b8a8-4aa1-abfd-095162f3c9cf,"“I have just accepted it”: Hierarchies of Power and Healthcare Waste Management Practices in Blantyre, Malawi",December 2025,4
0b8ee29c-b8a8-4aa1-abfd-095162f3c9cf,"“I have just accepted it”: Hierarchies of Power and Healthcare Waste Management Practices in Blantyre, Malawi",January 2026,1
10e599fd-f5b8-43e3-af0c-395b4d689f25,Volumetric flow meter development for household scale biogas reactors,July 2025,17
10e599fd-f5b8-43e3-af0c-395b4d689f25,Volumetric flow meter development for household scale biogas reactors,August 2025,6
10e599fd-f5b8-43e3-af0c-395b4d689f25,Volumetric flow meter development for household scale biogas reactors,September 2025,10
10e599fd-f5b8-43e3-af0c-395b4d689f25,Volumetric flow meter development for household scale biogas reactors,October 2025,3
10e599fd-f5b8-43e3-af0c-395b4d689f25,Volumetric flow meter development for household scale biogas reactors,November 2025,5
10e599fd-f5b8-43e3-af0c-395b4d689f25,Volumetric flow meter development for household scale biogas reactors,December 2025,1
10e599fd-f5b8-43e3-af0c-395b4d689f25,Volumetric flow meter development for household scale biogas reactors,January 2026,1
0c5e25fd-9161-4280-b277-eeea523cf22c,Tipping aid for loading small trucks on waste collection tours,July 2025,56
0c5e25fd-9161-4280-b277-eeea523cf22c,Tipping aid for loading small trucks on waste collection tours,August 2025,11
0c5e25fd-9161-4280-b277-eeea523cf22c,Tipping aid for loading small trucks on waste collection tours,September 2025,2
0c5e25fd-9161-4280-b277-eeea523cf22c,Tipping aid for loading small trucks on waste collection tours,October 2025,1
0c5e25fd-9161-4280-b277-eeea523cf22c,Tipping aid for loading small trucks on waste collection tours,November 2025,3
0c5e25fd-9161-4280-b277-eeea523cf22c,Tipping aid for loading small trucks on waste collection tours,December 2025,2
0c5e25fd-9161-4280-b277-eeea523cf22c,Tipping aid for loading small trucks on waste collection tours,January 2026,0
12d2998d-063b-4ec3-9c03-5e0bb1946677,"""We are from there, that's our land"": contestation, maize, and the problemisation of waste at Blantyre, Malawi's Mzedi dumpsite",July 2025,4
12d2998d-063b-4ec3-9c03-5e0bb1946677,"""We are from there, that's our land"": contestation, maize, and the problemisation of waste at Blantyre, Malawi's Mzedi dumpsite",August 2025,4
12d2998d-063b-4ec3-9c03-5e0bb1946677,"""We are from there, that's our land"": contestation, maize, and the problemisation of waste at Blantyre, Malawi's Mzedi dumpsite",September 2025,2
12d2998d-063b-4ec3-9c03-5e0bb1946677,"""We are from there, that's our land"": contestation, maize, and the problemisation of waste at Blantyre, Malawi's Mzedi dumpsite",October 2025,0
12d2998d-063b-4ec3-9c03-5e0bb1946677,"""We are from there, that's our land"": contestation, maize, and the problemisation of waste at Blantyre, Malawi's Mzedi dumpsite",November 2025,1
12d2998d-063b-4ec3-9c03-5e0bb1946677,"""We are from there, that's our land"": contestation, maize, and the problemisation of waste at Blantyre, Malawi's Mzedi dumpsite",December 2025,0
12d2998d-063b-4ec3-9c03-5e0bb1946677,"""We are from there, that's our land"": contestation, maize, and the problemisation of waste at Blantyre, Malawi's Mzedi dumpsite",January 2026,0
b03b54b9-7f1a-4b5b-9174-5ea18cd1c5f9,Land use in the Seychelles – Rethinking the Sustainability of Tourism,July 2025,40
b03b54b9-7f1a-4b5b-9174-5ea18cd1c5f9,Land use in the Seychelles – Rethinking the Sustainability of Tourism,August 2025,23
b03b54b9-7f1a-4b5b-9174-5ea18cd1c5f9,Land use in the Seychelles – Rethinking the Sustainability of Tourism,September 2025,21
b03b54b9-7f1a-4b5b-9174-5ea18cd1c5f9,Land use in the Seychelles – Rethinking the Sustainability of Tourism,October 2025,13
b03b54b9-7f1a-4b5b-9174-5ea18cd1c5f9,Land use in the Seychelles – Rethinking the Sustainability of Tourism,November 2025,23
b03b54b9-7f1a-4b5b-9174-5ea18cd1c5f9,Land use in the Seychelles – Rethinking the Sustainability of Tourism,December 2025,6
b03b54b9-7f1a-4b5b-9174-5ea18cd1c5f9,Land use in the Seychelles – Rethinking the Sustainability of Tourism,January 2026,0
3d152325-6ab1-400e-9f37-a366d3dab7f8,Land use in the Seychelles – Rethinking the Sustainability of Tourism: Appendix,July 2025,7
3d152325-6ab1-400e-9f37-a366d3dab7f8,Land use in the Seychelles – Rethinking the Sustainability of Tourism: Appendix,August 2025,5
3d152325-6ab1-400e-9f37-a366d3dab7f8,Land use in the Seychelles – Rethinking the Sustainability of Tourism: Appendix,September 2025,2
3d152325-6ab1-400e-9f37-a366d3dab7f8,Land use in the Seychelles – Rethinking the Sustainability of Tourism: Appendix,October 2025,0
3d152325-6ab1-400e-9f37-a366d3dab7f8,Land use in the Seychelles – Rethinking the Sustainability of Tourism: Appendix,November 2025,1
3d152325-6ab1-400e-9f37-a366d3dab7f8,Land use in the Seychelles – Rethinking the Sustainability of Tourism: Appendix,December 2025,0
3d152325-6ab1-400e-9f37-a366d3dab7f8,Land use in the Seychelles – Rethinking the Sustainability of Tourism: Appendix,January 2026,0
43383fb9-15a5-4129-921d-345ff87a2e09,Andere Wege für das Abwasser,July 2025,6
43383fb9-15a5-4129-921d-345ff87a2e09,Andere Wege für das Abwasser,August 2025,1
43383fb9-15a5-4129-921d-345ff87a2e09,Andere Wege für das Abwasser,September 2025,1
43383fb9-15a5-4129-921d-345ff87a2e09,Andere Wege für das Abwasser,October 2025,3
43383fb9-15a5-4129-921d-345ff87a2e09,Andere Wege für das Abwasser,November 2025,3
43383fb9-15a5-4129-921d-345ff87a2e09,Andere Wege für das Abwasser,December 2025,0
43383fb9-15a5-4129-921d-345ff87a2e09,Andere Wege für das Abwasser,January 2026,0
