"date","post_title","post_link","impressions","views","clicks","click_through_rate_ctr","likes","comments","reposts","engagement_rate"
"2023-08-11","What's the most important skill for a researcher? 🛠 

Saloni Vijay, our Ph.D. student, believes it's resourcefulness, especially when research involves fieldwork and is subject to time constraints.
 
Saloni talked about her own experience doing air quality experiments in Malawi. She said, ""Imagine bringing all your tools to Malawi and then realizing there's no right stand to mount the monitors. I was super worried."" 

But thanks to Hope kelvin Chilunga, our research assistant from Malawi, it worked out. He responded: ""Let's make one."" ⚙ 

This is just one example of many situations faced in two months, where being resourceful helped us to gather the necessary data.

Picture: Hope and Saloni building a frame with a movable bar.","https://www.linkedin.com/feed/update/urn:li:activity:7096747313456377856",1214,NA,43,0.035420097410678864,53,0,1,0.07990115135908127
"2023-08-11","A shipping and research success! 🎉 Yesterday Marc Kalina handed over a custom-designed urine trolley to our long-time partners Asiye eTafuleni, who advocate for urban informal workers in Durban, South Africa 🇿🇦 . Designed and built by  Department of Mechanical and Process Engineering (D-MAVT), ETH Zurich student Philippe Colbach, the trolley will be used to collect urine from urinals 🚽 throughout the city so that it can be centrally stored and sold for bio-fertilizer production 🌱 .","https://www.linkedin.com/feed/update/urn:li:activity:7095671788898021376",1442,NA,47,0.03259361907839775,37,4,1,0.06171983480453491
"2023-08-21","Do you want to work on projects with direct impact on society? Global Health Engineering is hiring! Find all available offers here: 

https://lnkd.in/e_vnxJs7

We are looking for students willing to work on Bachelor’s and Master’s Theses, as well as the Semester Projects. 

Are you a motivated individual who wants to advance the quality of life and work in sub-Saharan Africa and get the hands on experience in Switzerland, Malawi, Kenya or South Africa? Our cross-disciplinary team is looking for mechanical engineering students to work on thermodynamics, waste characterisation, mechanical engineering, and machine vision.","https://www.linkedin.com/feed/update/urn:li:activity:7099303401565343745",1319,NA,97,0.07354056090116501,26,3,4,0.09855951368808746
"2023-08-21","Got some data to share, but don't know about best practices? 💾 

Meet our team members Mian Zhong and Sebastian Loos at #WWWeek this week. They both work on our #openwashdata project and would be happy to talk to you.","https://www.linkedin.com/feed/update/urn:li:activity:7099386159088156673",558,NA,20,0.03584229573607445,9,0,0,0.051971327513456345
"2023-08-28","🌊 Exciting times at #WorldWaterWeek in Stockholm! 🇸🇪 🌍 

Engaging discussions, innovative solutions, and impactful connections - all under one roof. Mian Zhong and Sebastian Loos had the opportunity to join the global conversation on #WASH and advocate for the #openwashdata community. Let's enhance the collaboration for a more water-secure and sustainable future! 💧 #WWWeek","https://www.linkedin.com/feed/update/urn:li:activity:7101824519773802496",755,NA,48,0.06357616186141968,34,0,1,0.1099337711930275
"2023-08-29","🥁 #openwashdata news 🥁 

Do you know people that work with qualitative data (e.g. semi-structured interviews)? 🎤  Have you ever talked to them about publishing their data (transcripts)? 

Ask them what they think of this: https://lnkd.in/eHu_z_jF

Marc Kalina, Sebastian Loos & Lars Schöbitz have gone through the process of anonymisation, converting .docx files to .md (markdown) files, and then publishing the transcripts, as well as a table format of the data that is accessible as CSV, XLSX and our favourite R package format. 🚀","https://www.linkedin.com/feed/update/urn:li:activity:7102266710899974144",784,NA,10,0.012755102477967739,25,0,5,0.051020409911870956
"2023-08-30","Do you have some WASH experience? Are you interesting in using AI for teaching and learning?

IRCWASH has an internship opportunity. Learn more here:","https://www.linkedin.com/feed/update/urn:li:activity:7102634857180065792",252,NA,16,0.0634920671582222,4,0,0,0.0793650820851326
"2023-09-04","We are pleased to announce that Marc Kalina has been awarded funding from the SNSF Swiss National Science Foundation a three-year grant through the Swiss-South African Joint Research Programme. 

With Catherina Schenck of the University of the Western Cape, and jointly supported by the South African The National Research Foundation of South Africa (NRF), Dr. Kalina's team will be investigating illegal dumping in South African Local Municipalities across the country while developing remote sensing tools to identify and characterise waste leakage points. 

We are excited to be working with University of the Western Cape, and to share the exciting outcomes of this project as they develop. MSc thesis topics related to this project are already available. Please visit our website for more details: https://lnkd.in/e_vnxJs7","https://www.linkedin.com/feed/update/urn:li:activity:7104360306331508736",932,NA,56,0.06008583679795265,34,1,3,0.10085836797952652
"2023-09-05","🗞 openwashdata news 02 - data 🗞 

September is here! We prepared new (qualitative) datasets, attended World Water Week, and expanded the community!

Read more here: https://lnkd.in/egtCenHJ","https://www.linkedin.com/feed/update/urn:li:activity:7104763999212195840",722,NA,14,0.01939058117568493,14,1,5,0.04709141328930855
"2023-09-11","We're so excited to share Marc Kalina's ""Zukunftsblog"" on a topic very close to our hearts 💓   

Through a new bilateral carbon trading pact, Switzerland is poised to fund the construction of thousands of household biogas reactors in Malawi 🇲🇼. Marc reflects on the track record of similar investments, as well as the ethics of burdening countries like Malawi, located on the frontlines of Southern Africa’s climate change battle 🌡 🌊 , with failed or failing projects which make little impact on the ground. 

Watch this space for future updates as we continue to push for an ethical and impactful programme for Malawi and the transparent use of Switzerland's climate funds. 

https://lnkd.in/eJv6-nMR","https://www.linkedin.com/feed/update/urn:li:activity:7106954946524143616",776,NA,23,0.029639175161719322,21,2,1,0.06056701019406319
"2023-09-12","🚨 Blog alert! 🚨 We started writing a blog. Our intention is to share one blog post on every second Tuesday of the month.

The first topic: ""In an era of open science, how is ‘transparency’ shifting within qualitative research"" by Marc Kalina.

https://lnkd.in/eYjpMGQa

Share your opinions with us here or reach out by email on: ghe@mavt.ethz.ch","https://www.linkedin.com/feed/update/urn:li:activity:7107257694087966720",1179,NA,59,0.05004240944981575,17,5,3,0.07124681770801544
"2023-09-18","What's with the pile of punctured #plasticwaste next to Lin Boynton?

In Malawi, empty #pesticide containers are punctured to prevent others from reusing them (e.g. water storage).

However, highly concentrated residues from pesticide #packaging and the #plastic itself can still leak into water and soils, which poses serious environmental and human health risks.

Unfortunately, this plastic often has nowhere to go.

In the current linear economy, the cost and burden of disposal is generally passed onto the consumer – but safe disposal and #recycling systems for plastic waste are underdeveloped and often inaccessible.

What are better ways to manage pesticide packaging #waste?","https://www.linkedin.com/feed/update/urn:li:activity:7109420854895104000",1449,NA,98,0.06763284653425217,39,8,1,0.10075914114713669
"2023-09-19","Wishing great success, Nicolas Seemann-Ricard. Our first of a hand full of students that will spend time in Malawi this term. 🇲🇼","https://www.linkedin.com/feed/update/urn:li:activity:7109897036874821632",918,NA,25,0.027233116328716278,23,0,0,0.05228758230805397
"2023-09-19","🤗 A warm welcome to all new students at ETH Zürich. 👩‍🎓  Did you know that our course ""International Engineering: from Hubris to Hope"" was amongst the highest rated courses at the Department of Mechanical and Process Engineering (D-MAVT), ETH Zurich D-MAVT last year?

https://lnkd.in/eZAQUR7Y

Sign up now and join the first lecture by Elizabeth Tilley and Marc Kalina this Thursday, 21st September at 3 pm. You can still drop out after if you it's not for you. 

Abstract

Since Europe surrendered their colonial assets, engineers from rich countries have returned to the African continent to address the real and perceived ills that they felt technology could solve. And yet, 70 years on, the promise of technology has largely failed to deliver widespread, substantive improvements in the quality of life. Why?","https://www.linkedin.com/feed/update/urn:li:activity:7109890819670593537",546,NA,9,0.016483517363667488,9,0,1,0.03479853644967079
"2023-09-25","🍕 Pizza graduation lunch. 🎓 That's what we do after our student seminars at which BSc and MSc students present their project. 

Congrats to Joseph Johnson Injodikaran and Samuel Sigrist for completing their work and thank you for joining us on your journey at ETH. 🌻","https://www.linkedin.com/feed/update/urn:li:activity:7111976896090759168",1430,NA,124,0.0867132842540741,45,1,1,0.11958041787147522
"2023-10-02","Have you ever wondered about the connection among diamonds 💎, conflicts 😐 and romance 💕? Are you curious about digital diplomacy 💻 and how Switzerland🇨🇭is acting? 

Do not miss this line-up of expert speakers at Colloquium Science, Technology and Policy! Thanks Dr. Laurent Cartier, who gave a splendid first talk of the series on diamond traceability. Absolutely inspiring! Watch the short film he produced: ""The Divers of Sewa"" in Sierra Leone 🇸🇱:

https://lnkd.in/ei6ZiWV
 
Hosted by Professor Elizabeth Tilley, the colloquium runs each Wednesday noon from Sept 27 to Dec 6, open to public both in-person and online. 

Register for the newsletter to stay updated get inspired:

https://lnkd.in/eKcJs3dk","https://www.linkedin.com/feed/update/urn:li:activity:7114507223375958016",669,NA,8,0.011958146467804909,13,0,2,0.03437967225909233
"2023-10-03","🎓 openwashdata news 03 - academy 🎓 Are you a WASH professional? Do you want to learn data science with R? 📊 Then, sign up for our first ""data science for openwashdata"" course: https://lnkd.in/eA4jk8kS

This is course is free and hosted on Zoom. We will meet 10 modules over 15 weeks. You will learn how to use R for your own data, and publish your results as stand-alone website to share it with the world.

Learn more in our 3rd newsletter issue: https://lnkd.in/eM-crJ_e

Your course instructors Lars Schöbitz and Mian Zhong are looking forward to meet you.","https://www.linkedin.com/feed/update/urn:li:activity:7114889227305107456",2527,NA,78,0.03086663968861103,33,18,18,0.058171745389699936
"2023-10-09","As a chair of Global Health Engineering, we not only work on global sanitation and health problems. Our Master student, Dominic W., investigates and evaluates working conditions of the crew at Entsorgung + Recycling Zürich (ERZ) with the dual purpose of improving these conditions and developing practical technological solutions to reduce physical strain. 

His research focuses on waste collection sites spread throughout the city of Zurich. It turns out that a recurring problem emerges where waste is not handled properly, according to regulations. As a result, a significant amount of waste ends up being deposited on the ground. This issue requires the workforce to address the unauthorized disposal. The workers bear the responsibility of manually cleaning the collection sites, they take on this demanding task without the aid of specialized tools or equipment.
 
Dominic's cross-disciplinary thesis encompasses systematic assessment of health at work and technical solution development. Ergonomic analysis methodologies are used for the investigation of physical exertion. Risk assessment tools are applied within this context. Dominic spent two weeks with the workers to observe and assess their working routine, as well as interview them to get insightful suggestions for health at work improvement. His final results are the recommendations provided to ERZ.","https://www.linkedin.com/feed/update/urn:li:activity:7117042329424683008",3044,NA,81,0.026609724387526512,58,1,1,0.046320632100105286
"2023-10-10","🚨 Blog alert! 🚨 For the second edition of our monthly blog, Jakub Tkaczuk has reflected on his first visit to Kenya. 

Read about his experience on collaboration and how we was caught by surprise to meet participants of the first Africa Climate Summit: https://lnkd.in/efjvawzQ
","https://www.linkedin.com/feed/update/urn:li:activity:7117436878294798337",683,NA,24,0.035139091312885284,13,1,0,0.055636897683143616
"2023-10-10","One more week, and we will get going. Sign up now and work through the pre-course assignments:

https://lnkd.in/efvHNbwY","https://www.linkedin.com/feed/update/urn:li:activity:7117505807394435072",505,NA,9,0.0178217813372612,7,0,0,0.031683169305324554
"2023-10-13","Great opportunity with MSF!  We know one of our GHE graduates would be a great fit!","https://www.linkedin.com/feed/update/urn:li:activity:7118501438409859073",494,NA,24,0.04858299717307091,2,0,0,0.05263157933950424
"2023-10-16","🚨  New Publication 🚨 How is the air quality at Blantyre, 🇲🇼 Malawi’s Queen Elizabeth Central Hospital (QECH)? How do people experience it? 

Our newest publications uses quantitative and qualitative methods to assess it. For the first time, we also published the underlying data and code, hoping to move closer to full reproducibility of our results.

Journal website: https://lnkd.in/ejT8abXp

Data package: https://lnkd.in/ehQ_5ahE

Manuscript code: https://lnkd.in/ezaz-9_x

Thanks to Elizabeth Tilley Hope kelvin Chilunga Jonathan Kwangulero Lars Schöbitz Saloni Vijay Heiko Heilgendorff Marc Kalina

#openaccess #openscience #airquality #malawi","https://www.linkedin.com/feed/update/urn:li:activity:7119591139803815936",1185,NA,60,0.050632912665605545,24,1,5,0.07594936341047287
"2023-10-23","It was our pleasure to host Professor Catherine Sutherland from University of KwaZulu-Natal for productive visit to Zurich this month. 

During her stay Prof Sutherland delivered a very compelling lecture to our 'International Engineering' course students on 'Development Perspectives from the South'. We were also fortunate to have her spend time in the GHE offices enaging with the students in our group and brainstorming new research pathways.

Global Health Engineering is looking forward to another year of collaboration and exchane with Prof Sutherland and her team. Thank you for visiting Cathy and see you in Durban!","https://www.linkedin.com/feed/update/urn:li:activity:7122195054110076928",1205,NA,80,0.06639004498720169,50,0,1,0.10871369391679764
"2023-10-24","🌊 Join us at the ""Data: A Key to Unlocking Quality in WASH Programmes"" this Friday at UNC Water and Health conference! Mian Zhong on behalf of openwashdata will co-host the discussions to talk about data transparency, reproducibility, attribution, and privacy. 

📅 Date & Time: Friday Oct 27 8:30 - 10:00 AM (Eastern Time), 2:30 - 4:00 PM (CET - Zürich)
📍 Location: Find us at SUNFLOWER 
🌐 Free Virtual Paricipation: https://lnkd.in/evDMGP9J

Let's discuss current data practice, identify opportunities, and forge partnerships for impactful change. Join the data conversation! #uncwaterandhealth #openwashdata

https://lnkd.in/e8xETc5R","https://www.linkedin.com/feed/update/urn:li:activity:7122582230886936577",847,NA,13,0.015348288230597973,11,0,8,0.03778040036559105
"2023-10-30","How do hospitals manage their infectious waste when there is no garbage collection? Department of Mechanical and Process Engineering (D-MAVT), ETH Zurich student Mosè Peduzzi is in Cape Maclear, Malawi, working with a local clinic to improve the combustion of their incinerator to ensure the health of the workers and community.","https://www.linkedin.com/feed/update/urn:li:activity:7124719436720152576",4129,NA,147,0.035601839423179626,92,2,4,0.059336401522159576
"2023-10-31","Ready to go. Today we start with module 1 of our 15 week long journey in “data science for openwashdata”. We are excited to meet you all!

https://lnkd.in/ebeKYmgv

#openwashdata","https://www.linkedin.com/feed/update/urn:li:activity:7125068369501827072",650,NA,18,0.02769230678677559,11,0,1,0.04615384712815285
"2023-11-06","Who is following the negotiations for the UN Global Plastic Treaty? Our PhD student Lin Boynton will be at the #UNEP headquarters in Nairobi next week for the third session of the Intergovernmental Negotiating Committee to develop an international legally binding instrument on plastic pollution, including in the marine environment (INC-3). 

Let us know if you'll also be there! 

#INC3 #globalplasticstreaty #plasticpollution #globalhealth #humanhealth #circulareconomy","https://www.linkedin.com/feed/update/urn:li:activity:7127212148430135296",2412,NA,54,0.02238805964589119,31,1,2,0.036484245210886
"2023-11-07","📊 Module 2: Exploratory data analysis using visualization 📈 

Today is all all about data visualization using ggplot2. We are looking forward to see how many of you return for our second module.

https://lnkd.in/e7dZW673","https://www.linkedin.com/feed/update/urn:li:activity:7127606768146247680",1003,NA,31,0.03090727888047695,15,0,1,0.04685942083597183
"2023-11-09","Plastic waste is a pillar of our GHE work and we are hopeful that the upcoming Intergovernmental Negotiating Committee to develop an international legally binding instrument on plastic in Nairobi next week will have some teeth. Lin Boynton will be reporting back throughout the session so stay tuned!","https://www.linkedin.com/feed/update/urn:li:activity:7128288373894451200",653,NA,13,0.01990811713039875,19,2,0,0.05206738039851189
"2023-11-13","Curious about the daily personal exposure to PM2.5 and Black Carbon emissions in Blantyre? Our BSc student, Valentin Hirsch, has designed a comfortable user-friendly monitoring kit to answer this questions. Saloni Vijay is using it in Malawi for her PhD project. Our volunteers in Malawi are excited to wear this innovative kit. 

Stay tuned for updates as we delve into the impacts and findings of the project. 

#CleanAirMission #MalawiResearch #AirQualityProject","https://www.linkedin.com/feed/update/urn:li:activity:7129749712659722240",1281,NA,45,0.03512880578637123,27,1,1,0.057767368853092194
"2023-11-14","📊 Module 3: Data transformation with dplyr 📈

Today, we work with WHO/UNICEF JMP data. Mostly to learn how to create subsets of data by narrowing down or summarizing, but as always, we will also produce some beautiful plots. 

Module: https://lnkd.in/eqDn955M
Data (jmpwashdata R data package): https://lnkd.in/ehbp5bKm","https://www.linkedin.com/feed/update/urn:li:activity:7130172099960152064",787,NA,17,0.021601015701889992,20,1,1,0.04955527186393738
"2023-11-15","In our latest blog, Elizabeth Tilley discusses the complex world of publishing and how small actions can make it better: 

https://lnkd.in/ehH-j7St","https://www.linkedin.com/feed/update/urn:li:activity:7130470367394959360",730,NA,47,0.06438355892896652,9,2,3,0.08356164395809174
"2023-11-17","Our PhD Student Lin Boynton is currently at the third session of the Intergovernmental Negotiating Committee to develop an international legally binding instrument on plastic pollution, including in the marine environment (#INC-3)

Follow her for updates:","https://www.linkedin.com/feed/update/urn:li:activity:7131208106553806850",412,NA,24,0.058252427726984024,6,0,0,0.07281553745269775
"2023-11-20","The first edition of our data science for openwashdata course received more than 200 registrations from 80+ countries around the world. 🌍 

Each week we tune in together for two hours and a half hours of learning time. It is amazing and motivating to see the dedication and persistence of the participants. 

openwashdata.org also reached 1.8K unique visitors to the website and 5.7K total pageviews. Thanks for everyone making this community grow!

https://lnkd.in/ezMbf3wC","https://www.linkedin.com/feed/update/urn:li:activity:7132279787103883264",312,NA,12,0.03846153989434242,28,2,2,0.14102564752101898
"2023-11-21","📎 Module 4: Data organization in spreadsheets 📜 

A lot of data entry and storage is still managed in spreadsheets. How do you like the looks of this one?

Today, we learn about some best practices and apply them to a dataset that we created ourselves. 

Module: https://lnkd.in/ewgM7ms9","https://www.linkedin.com/feed/update/urn:li:activity:7132705055970848768",352,NA,8,0.022727273404598236,17,0,0,0.07102272659540176
"2023-11-28","📅  Module 5: Conditions & Dates & Tables 👏 

Have you heard of ISO 8601? The count of time starts on 1st January 1970 in R. In Excel it's 1st January 1900. We will discuss this and other topics in our module today

Module: https://lnkd.in/e5tak6XZ","https://www.linkedin.com/feed/update/urn:li:activity:7135250077165461504",321,NA,6,0.018691588193178177,6,0,0,0.037383176386356354
"2023-12-01","In 2018, a Masters student did his thesis with Prof. Tilley at The University of Malawi:  Today Jan Freihardt joins GHE as a postdoc and we couldn't be more thrilled!","https://www.linkedin.com/feed/update/urn:li:activity:7136293024195588097",874,NA,38,0.043478261679410934,67,3,2,0.1258581280708313
"2023-12-04","☠ Black carbon exposure concentrations above 100 µg/m3 in Blantyre, Malawi. 🇲🇼 

Our team in Blantyre (Saloni Vijay, Lennox Khonje, Mwaiwathu Chatha, Hope kelvin Chilunga) found very high peaks in personal exposure to Black Carbon concentrations. 

What do you think is the reason for the peak shown in the graph?","https://www.linkedin.com/feed/update/urn:li:activity:7137450193318215680",676,NA,28,0.041420117020606995,13,6,1,0.0710059180855751
"2023-12-05","➰ Module 6: Data types & Vectors & For Loops ↩ 

Can we prepare an engaging and interesting module that introduces atomic vectors? Find out:

https://lnkd.in/eNjqTcc2","https://www.linkedin.com/feed/update/urn:li:activity:7137763354168692736",353,NA,1,0.00283286115154624,9,0,0,0.028328612446784973
"2023-12-08","Sometimes we have so much fun we need to sing 😙 !  Our Masters students are travelling with 12 farmers from Cape Maclear to Lilongwe 🇲🇼  to visit a composting facility 🌾 🐛  to see how that technology could transfer to their own farms 👩🏾‍🌾 👨🏾‍🌾  Thank you to WASTE Advisers Malawi for hosting!","https://www.linkedin.com/feed/update/urn:li:activity:7138815874219569152",839,827,17,0.02026221714913845,39,0,0,0.06674612313508987
"2023-12-11","📈 openwashdata webinar: a data sharing workflow that may please the publishers 🙏 

Join us for this joint webinar with PLOS on Tuesday, January 23, 2:00 - 3:00 PM (CET) to get anwers to these questions:

1. Why would others be interested in data from my work?
2. How can I benefit from sharing data?
3. Where can I get support in sharing your data?

Registration, Agenda, and Learning Objectives:

https://lnkd.in/euXiRTbZ

Elizabeth Tilley Lauren Cadwallader Lars Schöbitz","https://www.linkedin.com/feed/update/urn:li:activity:7139898555892142080",472,NA,13,0.027542373165488243,16,0,4,0.06991525739431381
"2023-12-12","Module 7: Pivoting & Joining & Metadata

Before we head into a well deserved break, let's cover a favourite topic: Metadata.

Today, learners will learn about the relevance of a data dictionary and how work done once can benefit many.

https://lnkd.in/extAmbmr","https://www.linkedin.com/feed/update/urn:li:activity:7140298833078411264",466,NA,12,0.02575107291340828,11,0,1,0.05150214582681656
"2024-01-11","We congratulate John Owusu Gyapong who will become the new secretary-general of the African Research Universities Alliance! As he says: ""Governments must fund higher education. African governments have all agreed to commit 1% of their GDP towards research, but if you take Sub-Saharan Africa, for example, when I last checked, no country was doing that""


https://lnkd.in/dMchh-R4","https://www.linkedin.com/feed/update/urn:li:activity:7151205266607263744",416,NA,5,0.012019230984151363,8,0,0,0.03125
"2024-01-15","We are urgently looking for a student willing to work on image classification for informal dump sites in South Africa! 

The work should adapt Random Forests or DNNs applied to images from Google Earth. We plan to quantify the total area and number of all dump sites in four of South Africa's Municipalities. 

All the details are available here: https://lnkd.in/dVS_4Pfu","https://www.linkedin.com/feed/update/urn:li:activity:7152557174013997056",3916,NA,145,0.03702757880091667,53,1,9,0.053115423768758774
"2024-01-16","data science for openwashdata - module 8 - creating and publishing scholarly articles with Quarto and GitHub pages

We continue learning in 2024 and in our 2nd last module of this course we revisit how to use Quarto to write scholarly articles. Learners will also be able to publish their capstone project reports as a website using GitHub pages. 

Learn more: https://lnkd.in/dR8NCXjB","https://www.linkedin.com/feed/update/urn:li:activity:7152996632974745601",390,NA,4,0.010256410576403141,8,0,0,0.03076923079788685
"2024-01-22","The revised zero draft for the #GlobalPlasticsTreaty was just released and came in at 70 pages. How did we end up here? Our PhD student, Lin Boynton, shares her perspective after attending the third session of the International Negotiating Committee (#INC3) in Kenya:

https://lnkd.in/dzef95sE
","https://www.linkedin.com/feed/update/urn:li:activity:7155081690422337537",873,NA,24,0.027491409331560135,18,0,2,0.05040091648697853
"2024-01-23","It’s not too late to sign up for our discussion with PLOS about their open science strategy and the future of publishing later today!","https://www.linkedin.com/feed/update/urn:li:activity:7155453465425543168",295,NA,5,0.016949152573943138,4,0,0,0.03050847537815571
"2024-01-29","💛 Urine trolley for Durban 🛒  - last year Global Health Engineering MSc student Philippe Colbach, worked with Durban organisation Asiye eTafuleni to design and build a custom urine trolley to collect urine from urinals throughout the city. 

We are pleased to see it on the streets and actively servicing these emerging urban sanitation solutions. We are looking forward to continuing our partnership with Asiye eTafuleni to develop solutions to store and beneficiate collected urine, and to continue to make Central Durban a healthier and more livable space for commuters and informal workers.","https://www.linkedin.com/feed/update/urn:li:activity:7157693194565005312",933,401,25,0.0267952848225832,18,0,2,0.04823151230812073
"2024-02-05","🚀 Meet the dream team! ✨ Last week in #Blantyre, #Malawi we had the chance to meet up with our long time friends and collaborators. From L-R: Elizabeth Tilley, Wrixon Mpanang'ombe, Jonathan Kwangulero, Hope kelvin Chilunga, Lin Boynton, Doreen Ndovie, Sally Changaya.","https://www.linkedin.com/feed/update/urn:li:activity:7160168959541948417",4917,NA,215,0.04372584819793701,137,3,6,0.0734187513589859
"2024-02-14","📺 Did you catch us on TV the other day? 🇲🇼 Elizabeth Tilley was the keynote speaker (and shark tank panelist 🦈) at a think tank event held by WASTE Advisers Malawi. 

After the keynote, there were lots of questions from attendees who were shocked about #airquality data from this paper: https://lnkd.in/gF8Hybrd. 

The presentations throughout the day revealed similar data and outdated policies for #wastemanagement, which result in serious #environmental and #humanhealth issues. Global Health Engineering is part of the network of professionals, researchers, and innovators that came together for the event -- a network that will continue to focus on waste management challenges and solutions in Malawi. 

Thanks to the other sponsors and all the attendees who sparked such interesting conversations and ideas! Billy Bray, Gerald Bowler, Daniel Dunga (FCCA), Bernard Masi Bsoc.Sc(Econs),FCCA,CPA,MBA,DipMc,PGC(Proj Fin), Lin Boynton, Manota Andrew Mphande, Richard Mvula, MADALITSO AMOS.","https://www.linkedin.com/feed/update/urn:li:activity:7163789025269497857",703,NA,44,0.06258890777826309,43,3,0,0.12802276015281677
"2024-02-14","🚨 Attention, Prof: You need a data steward for your team. 🚨 

Read the full post: https://lnkd.in/gxqYCv8b

You are a professor. You’re working long hours; you’re working weekends; you’re sitting in committees, and stuck in meetings that could have been emails; you’re teaching, grading, supervising, and mentoring. And now, on top of all that, you are supposed to make all your research data public, by applying FAIR principles. You need a data steward.

The 5th in our series of monthly blog posts at Global Health Engineering Department of Mechanical and Process Engineering (D-MAVT), ETH Zurich by Lars Schöbitz. Christian Wolfrum Robert Finger","https://www.linkedin.com/feed/update/urn:li:activity:7163476873623064576",3138,NA,104,0.033142127096652985,48,3,6,0.05130656436085701
"2024-02-19","Lab equipment and scientific machinery combined make up the largest contribution of scope 3 emissions at ETH. Scope 3 indirect emissions are a consequence of the activities, occurring from external sources, e.g., disposed of products from suppliers such as the lab plastic.

LEAF initiative of the ETH Sustainability team assesses the actions taken by the groups towards sustainable operation and the scope 3 emission minimization from laboratories and workshops. We, as a group, were happy to take part in the first round of sustainability assessments. Lin Boynton and Jakub Tkaczuk applied for the bronze certificate and received it during the recent GreenLabs certification ceremony.","https://www.linkedin.com/feed/update/urn:li:activity:7165249960374923264",2467,NA,91,0.03688690811395645,76,4,0,0.06931495666503906
"2024-02-22","We are hiring! 🎉  If you love sanitation, travel, and technology development, this could be for you! 💩 🇰🇪 🔬 
https://lnkd.in/dw5pNGJw","https://www.linkedin.com/feed/update/urn:li:activity:7166355203389165569",2736,NA,146,0.05336257442831993,32,1,10,0.0690789446234703
"2024-02-28","We proudly announce that, from this year, openwashdata starts partnerships to expand the community interested in open code and data. We are glad to have our first collaborator, WASHWeb, to address challenges in accessing, using and sharing WASH data effectively through joint efforts. 

https://lnkd.in/dC8CMKhG

Reach out to our team if your organization is interested in partnering with openwashdata. 

Nicolas Dickinson Merel Laauwen Elizabeth Tilley Lars Schöbitz Mian Zhong","https://www.linkedin.com/feed/update/urn:li:activity:7168566648164106240",797,NA,37,0.04642409086227417,14,0,2,0.06649937480688095
"2024-03-07","Have you been skiing recently? Every year, the ski season gets shorter and shorter. Some resprts have already been decommissioned; others will go soon. So long, skiing! But that's just skiing. 

What about the bigger picture? Data on CO2 and CH4 concentration in the atmosphere + yearly temperature increase may answer this question. Data source for the figure: NASA, NOAA (https://climate.nasa.gov/).","https://www.linkedin.com/feed/update/urn:li:activity:7171455244453732352",705,NA,14,0.01985815539956093,7,0,0,0.029787234961986542
"2024-03-08","Fellow data steward Rebecca Hochreutener at ETH Zürich in an interview with  Julian Dederke about efforts to improve research data management in the Goesciences. 👏","https://www.linkedin.com/feed/update/urn:li:activity:7171878242973335553",430,NA,6,0.013953488320112228,5,0,0,0.025581395253539085
"2024-03-11","Congratulations to GHE alumna Lena Xue for receiving the prestigious ETH medal for her outstanding master’s thesis from ETH Zürich! 🎉 🏅 

Lena investigated faecal sludge treatment in Kumasi, Ghana, in cooperation with Eugene Appiah-Effah at Kwame Nkrumah University of Science and Technology, Kumasi and Sewerage Systems Ghana Limited, as a student in D-BAUG.","https://www.linkedin.com/feed/update/urn:li:activity:7172877676263813120",1439,NA,60,0.041695620864629745,52,2,1,0.07991661131381989
"2024-03-12","🗞 openwashdata news 08 - map 🗺 

In our 8th newsletter Mian Zhong starts a blog series about preparing maps with openwashdata and R. We also released a new data package, which covers a global database of humanitarian organizations from Humanitarian Outcomes.

Learn more: https://lnkd.in/g9NgqRKM
","https://www.linkedin.com/feed/update/urn:li:activity:7173232198366474240",877,NA,28,0.03192702308297157,13,0,0,0.04675028473138809
"2024-03-15","🔊 Our very own Nicolas Seemann-Ricard reflects on attempt to improve waste management in Blantyre, Malawi 🇲🇼 in the newest ETH Ambassadors Blog.  With support from ETH for Development - ETH4D 🙏","https://www.linkedin.com/feed/update/urn:li:activity:7174343824742244352",662,NA,36,0.054380666464567184,12,0,1,0.07401812821626663
"2024-03-18","📊 Research Data Management in practice 📈 

We have 18 students in our ""Research Beyond the Lab"" class this year. Open Science is in the title, but we actively teach Research Data Management for a waste-related research project designed and implemented by the students. 

In module 4, we introduce our definitions for three stages of research data. How do you differentiate between them? How do you treat them?

- Stage 1: unprocessed raw data
- Stage 2: processed analysis-ready data
- Stage 3: final data underlying a publication

Slides: https://lnkd.in/dUJ9e5Ea
","https://www.linkedin.com/feed/update/urn:li:activity:7175398017917722624",1022,NA,25,0.024461839348077774,16,0,0,0.04011741653084755
"2024-03-21","We (Elizabeth Tilley & Lars Schöbitz) participated in this summer school last year. It's your best opportunity at ETH Zürich to learn & connect with people that care about data management. 

They have a few spots left:","https://www.linkedin.com/feed/update/urn:li:activity:7176604564576489474",673,NA,30,0.04457652196288109,7,1,0,0.05646359547972679
"2024-03-25","""Too rarely discussed is the fact that the necessary starting point of this reporting journey involves the strategic use of estimations and approximations in lieu of exact data"" 📕

Here at GHE we love exact data 🤓. 

And that's why Till Häussner  and Mario Loeliger are investigating ways to reliably measure methane emissions from biogas burning 🔥. From small projects to sector-wide reform! 🚀

https://lnkd.in/dgYEh4Y9","https://www.linkedin.com/feed/update/urn:li:activity:7177924629905195008",799,NA,21,0.02628285437822342,12,1,0,0.042553190141916275
"2024-03-27","Join us and leading organisations in the WASH data field for a webinar next week. Check out the agenda here: https://lnkd.in/dKGNyTDU

#openwashdata","https://www.linkedin.com/feed/update/urn:li:activity:7178670732585955330",386,NA,16,0.041450776159763336,7,0,0,0.05958549305796623
"2024-03-28","🐰 We have an Easter egg for you🥚

https://lnkd.in/dWv_dwhj 

Happy Easter.","https://www.linkedin.com/feed/update/urn:li:activity:7180156910816354305",363,NA,20,0.05509641766548157,2,0,0,0.06060606241226196
"2024-04-02","📰 openwashdata news 🤝 

We have a new strategic partner and are so happy to be working with Sustainable Organic Integrated Livelihoods (SOIL) on data stewardship for #openwashdata. 

Learn more about this partnership in our blog post: https://lnkd.in/dEYGgup7

Featured in the latest issue of our newsletter: https://lnkd.in/dDrZuA2n","https://www.linkedin.com/feed/update/urn:li:activity:7180849801192763392",1155,NA,32,0.02770562842488289,27,3,0,0.05367965251207352
"2024-04-05","The #openwashdata community recently had their first anniversary. 🎉 We have reached our Goals of Phase 1. What comes next for the community? 

Learn more from a talk that we gave yesterday in a webinar organigsed by WASHWeb, alongside colleagues from Aquaya, mWater, USAID Global Waters, Akvo, Baobab Tech, and WASHNote.

https://lnkd.in/dcp3CGXR","https://www.linkedin.com/feed/update/urn:li:activity:7181921390122463232",642,NA,27,0.04205607622861862,24,0,1,0.08099688589572906
"2024-04-09","Open research needs reproducibility and it should include hardware design. Our next action towards reproducible scientific and engineering work is publishing hardware designs openly, under a permissive license. 

The first completed case is the work of Timo Stutz on HDPE pre-cleaning system design, manufacturing, and testing, all available through GitHub as a polished website: https://lnkd.in/dzsdAXe6

This repository was certified by the Open Source Hardware Association (https://lnkd.in/d7EpDrrN) and establishes a workflow we will continue to maintain and promote in the future.

Thanks for the support to: Jakub Tkaczuk, Lin Boynton, Nicolas Seemann-Ricard, Elizabeth Tilley","https://www.linkedin.com/feed/update/urn:li:activity:7183392788519010305",1377,NA,47,0.03413217142224312,22,2,2,0.05301379784941673
"2024-04-10","#openwashdata partnership with WASHWeb in action. Yesterday and today, we have Merel Laauwen and Nicolas Dickinson with us in our attic to work on our ideas and projects. Learn more about the topics of discussion here:

https://lnkd.in/dhBbN5pV","https://www.linkedin.com/feed/update/urn:li:activity:7183749189078573056",1333,NA,103,0.07726931571960449,25,0,1,0.09677419066429138
"2024-04-15","Open data is at the heart of GHE research practice: https://lnkd.in/dsUJ9kEE 

Check out this newly released data package led by current PhD student Saloni Vijay on source apportionment of light-absorbing carbonaceous aerosols (LAC) in Blantyre, Malawi. 

These original reproducible datasets offer insights about local pollution from several sources including vehicles, cooking from solid biofuels, and waste burning. Collaboration with wonderful Hope kelvin Chilunga Lennox Khonje Jack Kamjombo Elizabeth Tilley Lars Schöbitz","https://www.linkedin.com/feed/update/urn:li:activity:7185605821588783107",880,NA,13,0.014772727154195309,12,0,0,0.028409091755747795
"2024-04-16","Today we host 14 participants at ETH Zürich for a workshop taught by Greg Wilson. We are grateful for Greg for sharing his ""Teaching Tech Together"" workshop in exchange for a donation to Rainbow Railroad, a global nonprofit organization that helps at-risk LGTBQI+ people get to safety worldwide.

This workshop will start a greater conversation about teaching and learning at ETH for which hope to host a book club for the accompanying book.

http://teachtogether.tech/
 
If you are interested in this topic, reach out to us. 

For this workshop we have participants from: Department of Mechanical and Process Engineering (D-MAVT), ETH Zurich, ETH for Development - ETH4D, Scientific IT Services ETH Zurich, D-PHYS, ETH Zürich, D-CHAB, D-GESS","https://www.linkedin.com/feed/update/urn:li:activity:7186249542244200448",2377,NA,118,0.0496424064040184,32,0,2,0.06394615024328232
"2024-04-22","February 2024 was the warmest February on record with a global surface air temperature 1.77°C above the 1850-1900 pre-industrial average. January 2024 was the warmest January on record, along with every single month since June of 2023. The previous months are consequently surpassing the 1.5 °C goal of the Paris Agreement. Switzerland has committed to halving its greenhouse gas emissions by 2030 and reaching net zero by 2050, partly through emission offsetting in other countries, with a goal of offsetting over a million tonnes of CO2-equivalent until 2030. Only the relevant technology allows for emission offsetting and only the relevant technology allows for accurate emission estimation.

Currently, five of our students develop solutions to reliably and inexpensively estimate the emissions offset by the biogas reactors and improved cookstoves, both interesting and important for the Swiss policy makers.

Thank you Louis Ambühl, Till Häussner, Mario Loeliger, Gian Teufen, and Michèle Strzelecki!!","https://www.linkedin.com/feed/update/urn:li:activity:7188185728831352832",1683,NA,75,0.044563278555870056,24,1,0,0.05941770598292351
"2024-04-29","This semester, 5 students 👨🏻‍🔧🧑🏼‍🌾👨🏼‍🏭👷🏼‍♂️👩🏼‍⚕️ from 4 departments 📈🔭⚒️🧱 each completed their masters on a portion of a comprehensive waste management strategy for the biggest tourist 🏝️destination in Malawi 🇲🇼 and how they are finished 🥳! 

All of their work will be published on our website shortly: https://lnkd.in/g_bjzANM 

@Josch Stricker: Waste Logistics and Transport Modelling. 
@Elena Abgottspon: Economic Feasibility of Waste Collection. 
@Raphael Meier: Waste Separation and Valorisation Pathways. 
@Philippe Colbach: Glass Crusher Construction and Waste Valorization Evaluation. 
Mosè Peduzzi : Development of a Low-Cost Incinerator. ","https://www.linkedin.com/feed/update/urn:li:activity:7190663480310468610",6719,NA,313,0.04658431187272072,133,5,0,0.06712308526039124
"2024-05-02","It was our pleasure here at Global Health Engineering to host Dr Festus Boamah last month 🎉. 

Dr Boamah gave a fantastic and informative presentation as part of ETH Zürich's ETH Zurich | Institute of Science, Technology and Policy (ISTP) #ISTPColloquium on 'The Beyond Energy Justice Scholarship' ☀️⚖️. 

Please see his important works here: https://lnkd.in/g6Wh7DJG","https://www.linkedin.com/feed/update/urn:li:activity:7193142489308872706",657,NA,21,0.031963471323251724,15,0,0,0.054794520139694214
"2024-05-03","Anyone who knows Muthi Nhlema knows that he has always been a visionary, but a little extra recognition and a super-cool portrait never hurt 🤗","https://www.linkedin.com/feed/update/urn:li:activity:7192117493144944640",819,NA,39,0.0476190485060215,17,5,0,0.07448107749223709
"2024-05-06","🗞 openwashdata news 10 - review 🌻

We are reaching the 10th newsletter! openwashdata published 12 datasets with the efforts of 5 developers and 38 collaborators 🤗 . Plus, the second blog about preparing maps with openwashdata and R prepared by Mian Zhong and welcome our new member Colin Walder!

Learn more: https://lnkd.in/dqSHC5Ud","https://www.linkedin.com/feed/update/urn:li:activity:7193504872426569728",647,NA,18,0.027820710092782974,12,0,0,0.04636785015463829
"2024-05-13","Researcher profile of the week 👨‍🔬 !  Master student Moritz Meier is working with WASTE Advisers Malawi and Art Malawi to turn plastic waste ♻ into plastic sheets for school desks 🎒.","https://www.linkedin.com/feed/update/urn:li:activity:7195689391246237696",2229,NA,290,0.1301031857728958,59,1,2,0.15791834890842438
"2024-05-15","🌟 We're thrilled to welcome Natalie Boyd Williams as our new ETH postdoctoral fellow! 🎉 Natalie will be leading a project aimed at evaluating the effectiveness and fairness of Switzerland's 🇨🇭 Article 6-funded biogas project in Malawi 🇲🇼. Discover more about Natalie's work and its impact on sustainable development by clicking the link to our latest blog: https://lnkd.in/dapPdGkm","https://www.linkedin.com/feed/update/urn:li:activity:7196409567063207937",4709,NA,207,0.043958377093076706,99,6,2,0.06668082624673843
"2024-05-17","From concept  📈 to reality 🏥 via a few bumpy roads 🚛  Mosè Peduzzi showed his stuff as a engineer who can handle it all! 🎉 Congratulations!
Department of Mechanical and Process Engineering (D-MAVT), ETH Zurich","https://www.linkedin.com/feed/update/urn:li:activity:7197149952370741248",1051,NA,67,0.0637488141655922,22,2,0,0.08658420294523239
"2024-05-19","Plastic is not cheap! 

An estimated USD 300-600 billion per year is associated with the social and environmental costs of plastic pollution:
📈 USD 61 – 121 billion per year from carbon dioxide emissions
🐟 USD 70 – 144 billion per year from impacts to marine ecosystem services
🌊 USD 1 billion per year for ocean cleanup
⚗ USD 131 billion per year from exposure to hazardous chemicals
☁ USD 31 – 63 billion per year from air pollution

Moreover, these costs disproportionately burden low- and middle-income countries and small island developing states. 

Read more in the #UNEP report “Turning off the Tap”🚰 to understand the importance of the negotiations for the #GlobalPlasticsTreaty concluding at the end of this year and the transformation to a #circulareconomy for #plastic. 

https://lnkd.in/dJcxJ69J","https://www.linkedin.com/feed/update/urn:li:activity:7198200829709807617",661,NA,13,0.01966717094182968,13,0,0,0.03933434188365936
"2024-05-24","🚀 We’ve just hit 2000 followers! Thank you for being part of our journey. Here are three highlights from the past year:

👩‍🎓👨‍🎓 Student Success in Waste Management: Five students from four different departments completed their master's projects, each contributing to a comprehensive waste management strategy for Malawi's largest tourist destination. Link: https://lnkd.in/gJb83J9Z

🌍💻 Global Engagement in Data Science: Our inaugural data science course for openwashdata attracted over 200 participants from 80+ countries. Link: https://lnkd.in/gZhfJXvs

♻️ 🧪 Promoting Sustainability at ETH: We proudly received a bronze certificate in the first round of GreenLabs sustainability assessments, recognizing our efforts towards more sustainable lab practices. Link: https://lnkd.in/g2AgfwyP

Here's to many more milestones and achievements together! 

Graphic created with DALL-E 2. ","https://www.linkedin.com/feed/update/urn:li:activity:7200752595534008321",501,NA,6,0.011976048350334167,9,0,0,0.02994011901319027
"2024-05-30","Happy to announce that Lars Schöbitz will speak at the Swiss Reproducibility Conference 2024! Curious about GHE approach? On June 10th, be sure to attend the session ""Plan for Tomorrow Today: Why You Need a Data Steward"" if you are around. Little spoiler of the process 👀:

 📦 Develop R package for seamless audit trails from raw to analysis-ready data.
 🖥️ Store data, code, metadata, and docs on GitHub, adhering to FAIR principles.
 📝 Ensure transparency with each contributor's ORCID ID and a CC-BY license.
 🏛️ Imported published entries easily into ETH Research Collection via DOI.
 📊 Communicate the work and data with visually appealing websites.
","https://www.linkedin.com/feed/update/urn:li:activity:7203289361893724160",1289,NA,42,0.03258339688181877,28,1,2,0.05663304775953293
"2024-06-06","We are looking forward to represent Department of Mechanical and Process Engineering (D-MAVT), ETH Zurich alongside a line-up of promising talks and keynotes from Swiss and international institutions that actively work on making research more rigorous, transparent and reproducible.","https://www.linkedin.com/feed/update/urn:li:activity:7204376043250475008",2028,NA,39,0.01923076994717121,14,0,1,0.02662721835076809
"2024-06-10","Six months are enough to see the impact of the master's thesis of Raphael Meier on farming practices in Cape Maclear, Malawi!  Farmers used the composting knowledge from a trip to Lilongwe and plenty of worms 🪱, marking positive change in soil health 🌱, live in compost near Cape Maclear. 🚜✨ Read the work: https://lnkd.in/dAVp6YjP","https://www.linkedin.com/feed/update/urn:li:activity:7205892220145590272",1006,NA,24,0.023856859654188156,22,0,0,0.04572564736008644
"2024-06-10","We are here today and will get the opportunity to talk about our data management strategy and why we believe you need a data steward to establish  one of your own. Slides and abstract: https://lnkd.in/dPkCn9Fy","https://www.linkedin.com/feed/update/urn:li:activity:7205848091919343619",501,NA,50,0.09980040043592453,6,0,0,0.1117764487862587
"2024-06-11","We were lucky enough to be hosted at the  MUBAS #unipod:  the new innovation hub in Blantyre 🇲🇼 . We're already planning our next prototype-a-thon with our grood friends Hope kelvin Chilunga and Hope Sandra khasu","https://www.linkedin.com/feed/update/urn:li:activity:7206192231253184513",1625,NA,160,0.09846153855323792,52,0,2,0.1316923052072525
"2024-06-13","Our new biogas paper is out! 🎉 

With so much of the technology sorted, it's time to think about the fairness and understanding as more and more adopters get on board.

https://lnkd.in/dxzVGwys
Natalie Boyd Williams Marc Kalina","https://www.linkedin.com/feed/update/urn:li:activity:7206951931058020352",1382,NA,56,0.040520984679460526,29,3,1,0.06439942121505737
"2024-06-15","🌍Black carbon is a fine particulate matter that absorbs sunlight, contributing to climate warming. It also poses significant health risks, causing respiratory and cardiovascular issues. 

A great initiative by the Clean Air Fund to reduce black carbon emissions! 👏  https://bit.ly/3Wheorq

Our PhD student, Saloni Vijay, is researching micro-variations of black carbon in Malawi and the personal exposure. Stay tuned for her exciting results! 🔬✨ #ClimateChange #BlackCarbon #AirPollution","https://www.linkedin.com/feed/update/urn:li:activity:7208362774840721408",513,NA,10,0.01949317753314972,8,0,0,0.035087719559669495
"2024-06-21","Celebrating Student Excellence 🎓
We're in awe of the brilliant minds behind these innovative projects:

- Monitoring device for improved cookstoves 🔥
- Data logging for remote biogas sensors 📡
- Methane sensor for biogas digesters 🌍
- Optimizing waste management with AI 🧠
- Fecal sludge trash screen design 🚽
- Innovative mask for waste burners 😷

Huge congratulations to @Louis Ambuehl, Till Häussner, Mario Loeliger, Alexander Sucur, @Simon Vontobel and Haresh Zeeman from Department of Mechanical and Process Engineering (D-MAVT), ETH Zurich for their incredible work! 👏 We're honored to have supported these future changemakers. Their dedication inspires us to keep pushing boundaries. 🚀

What innovative projects have you worked on recently? Share in the comments!","https://www.linkedin.com/feed/update/urn:li:activity:7210899465040261124",4095,NA,242,0.05909645929932594,74,0,1,0.0774114802479744
"2024-06-25","🚀 First Ever #openwashdata Hackathon Success! 🚀 Last Friday, Mian Zhong led a one-day hackathon to create impactful data packages. In just 8 hours, our incredible participants developed 7 diverse data packages focused on Water, Sanitation, and Hygiene. 🌍💧 These datasets span from Malawi 🇲🇼 to Uganda 🇺🇬, Brazil 🇧🇷 to Peru 🇵🇪, and Ghana 🇬🇭 to beyond. A big shoutout to all the participants for their hard work and dedication! Let's keep the momentum going and make a real difference in the WASH sector. 💪💡 #dataforgood #WASHData #openwashdata","https://www.linkedin.com/feed/update/urn:li:activity:7211465690912858112",2772,NA,206,0.07431457191705704,60,3,2,0.09776334464550018
"2024-06-26","🚨 Data Science internship alert 🚨 Are you a student at ETH Zürich? Are you in a discipline with a high degree of computation? Apply your knowledge to real-world examples in our internship programme. 3000 CHF/month for 4 to 6 months. Start: 1st August 2024. See comments for links with more details.

Department of Mechanical and Process Engineering (D-MAVT), ETH Zurich
#openwashdata","https://www.linkedin.com/feed/update/urn:li:activity:7211619116170809346",1818,NA,69,0.03795379400253296,11,1,3,0.046204619109630585
"2024-07-01","Have you heard of Quarto? 📊 It's a great tool for scientific communication, especially if you care about reproducibility. We have now taught three different versions of three lengths. Are you interested? Reach out.

- 2 * 4 hour workshop: https://lnkd.in/efvHNbwY
- 2 * 2 hour workshop: https://lnkd.in/dFeBHr-X
- 1 * 2 hour workshop: https://lnkd.in/d7tVVZAe
- Quarto official website: https://quarto.org/

#openscience #rstats","https://www.linkedin.com/feed/update/urn:li:activity:7213548864920813568",534,NA,16,0.02996254712343216,14,0,1,0.058052435517311096
"2024-07-02","🗞 openwashdata news 12 - hackathon & graduates 🎓 

What does the journey look like for a math student venturing into the field of WASH? In our 12th newsletter Margaux Götschmann offers an insider look at openwashdata 👀 . We also celebrate the first hackathon event and 20 graduates from our first ""data science for openwashdata"". #openwashdata 

https://lnkd.in/d32jc78Z","https://www.linkedin.com/feed/update/urn:li:activity:7213822393209790465",1070,NA,30,0.028037382289767265,15,1,3,0.04579439386725426
"2024-07-08","Saloni Vijay shares some great takeaways from the ""Beyond the Lab"" summer school in Beatenberg.  Sign up next year if you can!","https://www.linkedin.com/feed/update/urn:li:activity:7216077741228498944",579,NA,55,0.09499136358499527,6,0,0,0.10535405576229095
"2024-07-10","🎉 openwashdata enters phase 2: our funding proposal to the Open Research Data Program of the ETH Board was accepted. Read the full proposal here: https://lnkd.in/dPY2NhV5

In this next phase, we will build a data stewardship network with partners from Malawi, South Africa, and Haiti. 

Thank you for sharing our vision for #openwashdata: Sustainable Organic Integrated Livelihoods (SOIL), BASEflow Limited, WASH R&D Centre.","https://www.linkedin.com/feed/update/urn:li:activity:7218509629704552449",1646,NA,57,0.03462940454483032,41,1,3,0.06196840852499008
"2024-07-11","Find us here today. We have some exciting news to share. Slides: https://lnkd.in/dwUH3mTU","https://www.linkedin.com/feed/update/urn:li:activity:7217013312796934144",349,NA,5,0.014326647855341434,4,0,0,0.025787966325879097
"2024-07-16","🌍 New Blog Alert: From Smoke to Solution 🌍

Saloni Vijay's new blog ""From Smoke to Solution: Advancing Black Carbon as a Regulatory Pollutant,"" highlights the need for establishing regulatory limits on black carbon concentrations and includes her firsthand research experience in Malawi. 

Read the blog here: https://lnkd.in/gXNDbFbX","https://www.linkedin.com/feed/update/urn:li:activity:7219234414969466880",1156,NA,42,0.036332178860902786,24,1,2,0.05968858301639557
"2024-07-22","This week, our PostDoc Jan Freihardt visited four of the 36 villages in Bangladesh 🇧🇩 in which he has been conducting a large-scale panel study on environmental #migration and #climateadaptation over the past 4 years. 
For the first time, he witnessed the situation in the villages during the yearly monsoon flooding 🌊 - and was deeply touched by how challenging moving around becomes when roads 🛤️ and even houses 🏠 are underwater. Flooded tube wells 🚰, latrines, and cooking stoves ♨️ greatly complicate daily life. 
At the same time, he was impressed by the resilience 💪 of the communities which have developed various strategies to cope with the yearly recurring floods. 
More info on the study: https://lnkd.in/dCRZY568","https://www.linkedin.com/feed/update/urn:li:activity:7221068386275889153",1678,NA,80,0.04767580330371857,25,1,1,0.06376639008522034
"2024-07-26","🎓 Exciting Thesis Opportunities for the Department of Mechanical and Process Engineering (D-MAVT), ETH Zurich students! We're offering dynamic thesis projects, including improving incineration technology🔥, collaborative toilet design🚽, carbon offsetting with biogas, and more. We also have topics like sustainable water filtration🚰, effluent pasteurization, etc. Apply now to contribute to innovations in global health engineering! 🌍🔬 

https://lnkd.in/dQ3HFgSm","https://www.linkedin.com/feed/update/urn:li:activity:7222556310792245248",5336,NA,226,0.04235382378101349,47,2,7,0.05284857749938965
"2024-07-29","🏙 Urban 🤑 Economics! this course is free, online and with an excellent set of speakers.","https://www.linkedin.com/feed/update/urn:li:activity:7223599149126942720",508,NA,6,0.011811023578047752,4,0,0,0.019685039296746254
"2024-07-31","🍄 mushrooms + 💩 faecal sludge = 💚! We welcome our new team member Jules Peter who has joined us on July 1st as a PhD student. Learn more about his research here: https://lnkd.in/dP2RYDyP

Research questions:

1. Which fungi species can use human faeces as a growth substrate?
2. How does fungal growth influence the physical factors of faecal sludge?
3. To what extent can inoculation with fungi reduce pathogenic bacteria and helminths in human faeces?
","https://www.linkedin.com/feed/update/urn:li:activity:7226844584750833664",3390,NA,167,0.04926253855228424,78,4,1,0.07374631613492966
"2024-08-05","Embracing Open and Reproducible Research in Hardware Design 🚀 We are extending the principles of open and reproducible research to our hardware designs! 🌟 At GHE, we believe that collaboration and transparency drive innovation. That’s why all of our design work will be openly published on GitHub and the ETH Research Collection. 🔗 Check out the link in the comments to explore our projects and join us in shaping the future of hardware design! 💡 #OpenResearch #HardwareDesign #Innovation #Collaboration","https://www.linkedin.com/feed/update/urn:li:activity:7226123539660103681",732,NA,15,0.02049180306494236,11,1,0,0.03688524663448334
"2024-08-06","New data 📊, new partners 🤝, new funding 💰, and an event at Stockholm World Water Week 2024 🌍. Our next newsletter issue is loaded with information on #openwashdata: https://lnkd.in/diNUKWnH

Thanks Sanima 🇵🇪, Toilets for All 🇨🇭, UKZN WASH R&D Centre 🇿🇦, Sustainable Organic Integrated Livelihoods (SOIL) 🇭🇹, and BASEflow Limited 🇲🇼 for joining our mission to empower WASH professionals to engage with tools and workflows for open data and code, funded by the Open Research Data Program of the ETH Board at ETH Zürich and the Department of Mechanical and Process Engineering (D-MAVT), ETH Zurich.

SIWI - Stockholm International Water Institute #WWWeek #WASH #SDG6","https://www.linkedin.com/feed/update/urn:li:activity:7226514432439271424",599,NA,15,0.025041736662387848,16,1,3,0.05843071639537811
"2024-08-12","We are so sad to hear of this tragic event in Uganda 🇺🇬 Solid waste affects health in a myriad of ways and we remain committed to making sure that accidents like this never happen again 💔","https://www.linkedin.com/feed/update/urn:li:activity:7228729863086514177",641,NA,22,0.0343213714659214,13,0,1,0.05616224557161331
"2024-08-13","That’s a wrap! Last week, we had our second ✨annual retreat✨! While we usually spend our days working on global health, we switched gears for two days to focus on our organizational health. From finding our strengths as a group 💪 to organizing our project space 🧹 (and of course a few friendly games of Werewolf 🐺), we have come away refreshed and reinvigorated for our research 🚀","https://www.linkedin.com/feed/update/urn:li:activity:7229027027444506624",767,310,54,0.07040417194366455,27,2,0,0.10821381956338882
"2024-08-19","🚨 Last month, our PostDoc, Natalie Boyd Williams, and Data Steward, Colin Walder were in Malawi interviewing dairy farmers about their needs and motivations for domestic biogas digesters. 🐄💡 We had the privilege of working with four amazing enumerators from Mzuzu University! 🎓 Stay tuned for exciting research updates! 🔍📊","https://www.linkedin.com/feed/update/urn:li:activity:7231220558640672768",1932,NA,115,0.0595238097012043,45,0,1,0.0833333358168602
"2024-08-20","
🚀  New Blog Post 🚀 Joining as a data scientist 👩‍💻 , Mian Zhong dived into the world of Water, Sanitation, and Hygiene (WASH) through our #openwashdata initiative. From data scraping and cleaning 📊 to attending global conferences it's been a ride full of challenges and rewarding moments.

Check out her full blog post to explore more about this experience. #DataForGood #WASH #GlobalHealth #OpenData

https://lnkd.in/dEg9NMkR","https://www.linkedin.com/feed/update/urn:li:activity:7231567769035526146",1015,NA,41,0.04039409011602402,12,1,0,0.05320196971297264
"2024-08-29","That’s a wrap! 🎉Thanks to everyone who joined our session on openwashdata at World Water Week 💦📈 we can’t wait to put the community’s ideas into action 🤩
Colin Walder Nicolas Dickinson Merel Laauwen Muthi Nhlema Dr. Sandile Mbatha (Ph.D.) Stef Smits Rick Johnston Sasha Kramer Kimberly Slinde Lemme Susan Mercer","https://www.linkedin.com/feed/update/urn:li:activity:7234849744357851138",892,NA,75,0.08408071845769882,42,0,3,0.13452914357185364
"2024-09-03","We are so grateful for the support of Openversum for giving our students the opportunity to work on really challenging, globally important projects!
And if you're an ETH student looking for a similar project, check out the available opportunities: https://lnkd.in/dQ3HFgSm","https://www.linkedin.com/feed/update/urn:li:activity:7236693935874576384",3213,NA,243,0.07563025504350662,38,2,2,0.08870214968919754
"2024-09-05","Where are the pumps 🚰 , waste skips 🗑 , and humanitarian organizations ⛑ ? Check out part 3/3 of our blog post series by Mian Zhong who teaches you how to use R and open data to create maps. Find out more: https://lnkd.in/dsx-ZVsP","https://www.linkedin.com/feed/update/urn:li:activity:7238803319345827840",823,NA,28,0.03402187302708626,17,0,0,0.05467800796031952
"2024-09-10","🚨 Post Doc job alert 🚨 What does FAIR data sharing look like for qualitative data within transdisciplinary research? If that question interests you, then apply for this Post Doc position at ETH Zürich D-USYS Transdisciplinary Lab (TdLab) by 16th September: https://lnkd.in/dGfBBA23

Find the funded project proposal here: https://lnkd.in/dDZNa3kz

We will support this project through our Data Steward, Lars Schöbitz, and continue to investigate how to increase qualitative data sharing. At D-USYS TdLab you will be working with Mollie Chapman.

#ORD #FAIR #opendata","https://www.linkedin.com/feed/update/urn:li:activity:7239269521063067648",833,NA,32,0.03841536492109299,16,0,3,0.06122449040412903
"2024-09-12","👋 We welcome Yash Dubey to Global Health Engineering and the #openwashdata team. Yash will support us in pulling all of our own data sources together to demonstrate the value of the openwashdata community to the public (and potential future funders). 📊 

Learn more about Yash and his background: https://lnkd.in/d3NaN6YM","https://www.linkedin.com/feed/update/urn:li:activity:7239977053788221445",932,NA,71,0.07618025690317154,24,1,0,0.10300429165363312
"2024-09-13","One of the most touching ❤️ moments during the closing workshop of our research project ""Climate risk, land loss, and migration: Evidence from a Quasi-Experiment in Bangladesh"" 🇧🇩 was when one of our study participants shared the story of her family who had repeatedly lost their house 🏠 and land due to riverbank erosion and a lack of government support. 

With her story, she challenged the high-level representatives of international and government organizations who had previously presented their strategies for climate change adaptation in Bangladesh. This situation vividly illustrates the gap that we frequently experience between what governmental and international organizations plan, and what the communities on the ground would actually want or need. 

If we are serious about effective climate change adaptation, we urgently need to close this gap. What are your experiences? Have you witnessed a similar misalignment between community needs and government plans in other settings? #climatechange #adaptation #resilience #Bangladesh","https://www.linkedin.com/feed/update/urn:li:activity:7241340126553878528",832,NA,23,0.02764423005282879,22,0,1,0.05528846010565758
"2024-09-17","🚨 Job Alert 🚨 Do you love working with data? Do you love working with people that work with data? Then apply for our positions and become a data steward in Malawi or South Africa. Find job adverts here:

- Malawi 🇲🇼 BASEflow Limited -> apply: https://lnkd.in/dbThYRnH
- SouthAfrica 🇿🇦 University of KwaZulu-Natal WASH R&D Centre -> apply: https://lnkd.in/dw6djpEv

You will be part of Phase 2 of our #openwashdata projects funded by the Open Research Data Program of the ETH Board and work alongside Susan Mercer, Muthi Nhlema, Colin Walder, Yash Dubey, Elizabeth Tilley, Lars Schöbitz, and many others. 

We can't wait for your application and work with you on #opendata and #datastewardship for #WASH.","https://www.linkedin.com/feed/update/urn:li:activity:7241742199825043457",2908,NA,126,0.043328747153282166,34,4,17,0.062242090702056885
"2024-09-24","Excited to share our newly published policy brief on waste management for Cape Maclear, Malawi! 🌍♻️

This work, based on five Master's theses, aims to improve public health, environmental conditions, and economic opportunities in Cape Maclear.

Read the full brief: https://lnkd.in/gN8Uswr3

#WasteManagement #SustainableDevelopment #GlobalHealth #Malawi #ETHZurich","https://www.linkedin.com/feed/update/urn:li:activity:7244295317930565633",1954,NA,102,0.05220061540603638,47,0,1,0.07676561176776886
"2024-09-26","Our PhD student, Saloni Vijay, presented a poster on ""Black carbon concentrations and sources in Blantyre, Malawi"" at the iCACGP-IGAC Conference 2024 in Kuala Lumpur, Malaysia. 🌍

Her work highlights Blantyre's significant air quality inequities, emphasizing the need for targeted interventions. 🏘️

We are proud of her contributions to advancing air quality research in under-monitored regions! 🙌

#IGAC2024 #BlackCarbon #AirQuality #EnvironmentalEquity","https://www.linkedin.com/feed/update/urn:li:activity:7246413495443873793",3902,NA,536,0.137365460395813,135,2,1,0.1727319359779358
"2024-10-07","Last week, as part of our ""International Engineering: From Hubris to Hope"" MSc course at ETH Zurich, we took our learning beyond the classroom to the Swiss National Museum (Landesmuseum) 🏛️. 

We explored the Colonial Entanglements exhibition, gaining deeper insights into Switzerland's historical ties to colonialism. It was an incredibly insightful afternoon filled with exploration and meaningful discussions! 🤝🔍 

https://lnkd.in/dhEZ_Ews

#EngineeringEthics #GlobalImpact #ETHZurich","https://www.linkedin.com/feed/update/urn:li:activity:7249016919452729344",824,NA,24,0.029126213863492012,23,0,0,0.05703883618116379
"2024-10-25","Our data management strategy is taking shape. Colin Walder recently presented our publishing workflow at the Swiss Research Data Day. We are actively working on an R package to help us automate the process, so that we can focus on writing informative and complete documentation. 

Slides: https://lnkd.in/d4WSrduK

washr development: https://lnkd.in/dGkMt63x

#FAIRdata #ORD #openresearch","https://www.linkedin.com/feed/update/urn:li:activity:7256560431731785728",1467,NA,74,0.05044307932257652,28,4,0,0.07225630432367325
"2024-11-01","Last week, our GHE postdoc Jan Freihardt co-facilitated a workshop on “Transforming our university teaching towards sustainability” together with WWF Switzerland, Swiss Young Academy and Sustainable Development Solutions Network Switzerland SDSN (SDSN).

Goal: The goal of the workshop was to help young lecturers expand their knowledge on the transformative potential of universities and how this change can be initiated internally within universities. Organized by various stakeholders active in academia, the workshop provided essential basic knowledge, teaching strategies, and support offers to incorporate sustainable development 🌿 into teaching.

You can find the input slides and some materials from the workshops here: https://lnkd.in/egctjSSW.","https://www.linkedin.com/feed/update/urn:li:activity:7259097116734590977",2007,NA,95,0.047334328293800354,63,0,2,0.07972097396850586
"2024-11-05","We love getting to work with students from all departments at ETH! Interdisciplinary research is the best research!","https://www.linkedin.com/feed/update/urn:li:activity:7259468823114727424",586,NA,8,0.013651876710355282,3,0,0,0.018771331757307053
"2024-11-07","We're excited to host Hope kelvin Chilunga at our group for the next six weeks! 🚀

During his stay, he will write his ETH for Development - ETH4D PhD proposal, focusing on how remote sensing can be leveraged to detect burning waste sites and their emissions. Hope holds a Master in 🤖 and Artificial Intelligence, is a lecturer at Malawi University of Business and Applied Sciences- MUBAS and runs his own drone company in Malawi 🇲🇼.

Make sure to catch him while he's here to share his insights on the latest advancements in drone technology or to discuss future collaborations! 🤝","https://www.linkedin.com/feed/update/urn:li:activity:7261633836810174465",10026,NA,542,0.05405944585800171,243,13,4,0.07999201864004135
"2024-11-12","📰 Blog: Empowering Students 🤝 : The Role of Transparency at Global Health Engineering

Transparency in grading and expectations towards students is crucial for their success and for academic fairness. At Global Health Engineering, we took this labour-consuming step to provide students with all the necessary information before they commit to a project with us. 

🏁 The result: they are provided with clear guidelines and rubrics for multiple aspects of academic work.

Read more in this blog post by Jakub Tkaczuk who supervises dozens of students using our GHE students Wiki: https://lnkd.in/dywty4zQ

Public GHE students Wiki: https://lnkd.in/dZ3KNCQU","https://www.linkedin.com/feed/update/urn:li:activity:7261980982692483072",1634,NA,64,0.03916768729686737,28,2,3,0.05936352536082268
"2024-11-18","Join us on 📅 Thursday 21. November 2024, 17.15 for a talk by Lars Schöbitz on Data Stewardship. He will highlight the challenges of a modern academic, and our internal and external approach to achieve #FAIR data sharing practices.

Register for in-person event: https://lnkd.in/eZwBjkqd

📍 ETH Zurich, Campus Zentrum (MM C 78.1 – Alumni Pavillon)

💻 Live online: https://lnkd.in/dnFN9YAN 
","https://www.linkedin.com/feed/update/urn:li:activity:7264148881267957760",1050,NA,29,0.027619047090411186,8,1,2,0.03809523954987526
"2024-11-19","We are excited to invite you to our upcoming openwashdata hackathon with cash prizes 🏆 worth a total of 1500 CHF 💵 !  Register below to create compelling visualizations using open data on water, sanitation, and hygiene (WASH). 📊🚰

Event Details:

📅 Friday, 29th November 2024
⏱️ 10:00 - 16:00 CET
📍Online (Zoom) 

Event page with registration link: https://lnkd.in/dAF8AtZt","https://www.linkedin.com/feed/update/urn:li:activity:7264895308327735296",1114,NA,39,0.035008978098630905,23,0,8,0.06283662468194962
"2024-11-25","""What does the day-to-day life of a data steward in a research group look like?"" One of the many excellent questions Lars Schöbitz received after his talk on Thursday. Answers will be available as a recording soon. In the meantime, you can view his slides here: https://lnkd.in/dNitqvMY

💥 Spoiler 💥 His 10 learnings from 3 years:

#1 Technology is not on our side
#2 ETH wants reproducibility
#3 Data management is project management
#4 Predictability wins
#5 Low IT affinity is not a lack of aptitude
#6 Data != Data
#7 Data management is a process, not a checkbox
#8 Findable: Publish for humans and computers
#9: 9 to 5 is possible
#10 Funding for Open Research Data exists

#openscience #openresearchdata #datastewardship 
","https://www.linkedin.com/feed/update/urn:li:activity:7266726358158888960",836,NA,84,0.10047847032546997,26,0,0,0.1315789520740509
"2024-11-29","🌍✨ Updates from #COP29! With the latest developments on Article 6.4, we were happy to dive into the insightful briefing note by Dr. Chipo Mukonza and Dr. Samir Thapa from MECS programme Loughborough. Their focus on integrating energy justice into carbon projects is crucial.

Key questions to ponder in carbon offsetting:

1. How are burdens and benefits being distributed? ⚖️
2. Are marginalized groups recognised and includedin decision-making and project design? 🗳️
Let's ensure carbon projects are just and inclusive! 💚 #Sustainability #EnergyJustice #CarbonOffsetting #ClimateAction

What are your thoughts on these developments? 🤔 💬

https://lnkd.in/dSyPNP6X","https://www.linkedin.com/feed/update/urn:li:activity:7269259023441383425",711,NA,20,0.028129395097494125,11,1,3,0.049226440489292145
"2024-12-03","🎇 Internship announcement 🎇: Are you enrolled in an MSc at ETH Zürich? Come work with us from February 2025 for our rolling internship programme in Data Science for #openwashdata.

https://lnkd.in/dZZKfdqB
","https://www.linkedin.com/feed/update/urn:li:activity:7269698279943139328",1179,NA,34,0.02883799746632576,13,0,5,0.0441051721572876
"2024-12-09","Master student Teymour D'Andrea is working to build better, cheaper, stronger toilets in South Africa with Antoinette van der Merwe and the NGO Nova Institute NPC. We are grateful to funding from ETH for Development - ETH4D.","https://www.linkedin.com/feed/update/urn:li:activity:7272158138106011651",8519,NA,737,0.0865124985575676,166,2,3,0.10658527910709381
"2024-12-09","📊 What would you create if given the challenge to turn raw data into compelling stories?

Last week, #openwashdata at Global Health Engineering hosted an exciting hackathon, challenging data enthusiasts to dive into one of our 30+ datasets and craft innovative visualizations—and the results were absolutely inspiring! 🎉

🌟 A huge congratulations to our winner, Prerna Prasad! Their visualization blew us away with its creativity, clarity, and ability to tell a powerful story with data. Check out their work here: https://lnkd.in/d3NC3u23.

👏 Shoutout to JAMES HALONYERE and Dr. Benton Otieno (ACWISA, SACNASP) for their prize-winning contributions as well! Your efforts truly showcased the potential of data visualization to inform and inspire.

- 2nd place: https://lnkd.in/dn4FgDY9
- 3rd place: https://lnkd.in/dFTK4H9h

This event reaffirmed our belief in the power of open data to drive innovation and collaboration. If you’re curious to learn more about openwashdata or explore partnership opportunities, don’t hesitate to reach out—we’d love to connect! 🚀","https://www.linkedin.com/feed/update/urn:li:activity:7271795749519073280",709,NA,52,0.07334273308515549,17,2,1,0.10155148059129715
"2024-12-10","Elia Weber has been developing and testing low-cost flow sensors with different gas mixtures. His custom-built setup in the wet lab fume hood uses mass-flow controllers, humidifiers and heaters to carefully control the test parameters.","https://www.linkedin.com/feed/update/urn:li:activity:7272520547257782272",880,NA,52,0.059090908616781235,17,0,0,0.0784090906381607
"2024-12-11","Timon Mettler's data acquisition and transmission device, which focuses on being low-cost and low-power, was built in the mechanical and electronic workshop. The wet lab’s electronic test-bench helped to find which elements used most power.","https://www.linkedin.com/feed/update/urn:li:activity:7272882944732454912",583,NA,51,0.08747855573892593,12,0,0,0.10806175321340561
"2024-12-12","Lorenzo Lafranchi is testing recycled plastic properties, and uses our SLA printer to quickly prototype injection molds (bottom). Here he is checking a mould for a gas sensor housing channel before testing and injection in the mechanical workshop.","https://www.linkedin.com/feed/update/urn:li:activity:7273245293679144961",581,NA,31,0.05335628241300583,10,0,0,0.070567987859249115
"2024-12-16","Ylva Peter is designing a low-cost, robust liquid flow rate measurement device aimed at better understanding biogas digesters’ performance. She can prototype quickly with different materials thanks to our laser printer!","https://www.linkedin.com/feed/update/urn:li:activity:7274352735842455552",2795,NA,361,0.12915921211242676,50,2,1,0.148121640086174
"2025-01-13","🌍 New Blog Post: Who gets a seat at the table? 🌍

Jan Freihardt's new blog ""Who gets a seat at the table? The exclusive world of UN Climate Conferences"" highlights how global events such as COPs often restrict access to the very people most affected by climate change, raising urgent questions about inclusivity and representation in the fight for our planet’s future. 

Read the post here: https://lnkd.in/ekE_dTie
","https://www.linkedin.com/feed/update/urn:li:activity:7284534315944665090",1003,NA,24,0.023928215727210045,18,0,4,0.04586241394281387
"2025-01-16","Leveraging computer vision to automate 🍄‍🟫 growth detection

Jules Peter and Colin Walder are experimenting with a setup to automatically measure 🔭 the growth of fungi on human feces 💩. The goal is to better observe fungal growth and increase measurement accuracy, allowing for larger-scale experiments 👨🏻‍🔬.

Want to help us improve this setup? GHE is currently looking for a student with strong programming skills 👩🏽‍💻 and an interest in how mushrooms could improve the sanitation of human waste. You can find all of our open student projects here: https://lnkd.in/dQ3HFgSm","https://www.linkedin.com/feed/update/urn:li:activity:7287016090902097921",1068,NA,30,0.028089888393878937,13,0,3,0.043071161955595016
"2025-01-27","We welcome with open arms Prof. Azadeh Kermanshahi-pour, PhD, P.Eng from Dalhousie University for a 6-month sabbatical at GHE. As a biogas, anaerobic digestion, and ressource recovery expert, her invaluable expertise will enhance our current and future projects. Excited for the innovations ahead in sustainable energy and waste management!","https://www.linkedin.com/feed/update/urn:li:activity:7289598553360941057",4244,NA,185,0.04359095171093941,161,11,0,0.08411875367164612
"2025-02-03","📣 Exciting news from Cape Maclear Malawi! 🇲🇼 Department of Mechanical and Process Engineering (D-MAVT), ETH Zurich student Raphaël Bahisson worked on an improved trash incinerator 🗑️ 🔥 👫🏽 for this village to help prevent open burning. In consultation with the community 👫🏽, he was able to increase the quantity of waste burned, reduce the air pollution and improve acceptance of this exciting technology.","https://www.linkedin.com/feed/update/urn:li:activity:7292095960904589313",3050,NA,167,0.054754097014665604,67,4,4,0.0793442651629448
"2025-02-07","🎨 Final exam... but make it ART! ✍️✨

For an extra 2 points, we challenged students in our MSc class 'International Engineering: from Hubris to Hope' to illustrate their favourite lecture—and they delivered!

Who said learning can’t be fun, even in an exam? 🤓 🎭 also great feedback for us to learn what the main takeaways were for students. 

Swipe through the best illustrations & let us know—should this become a tradition? 👇 🎨 Can you spot Colin Colin Walder?","https://www.linkedin.com/feed/update/urn:li:activity:7294626212897808384",6071,NA,3944,0.6496458649635315,101,5,0,0.6671059131622314
"2025-02-18","🚀 New R Data Package Published: WHO's Health Glossary Now Easily Accessible! https://lnkd.in/dctAQh3Y

Health data can be complex, but clear definitions make all the difference. The openwashdata team recently published a structured WHO glossary as an R package, making it easier for researchers, policymakers, and analysts to reference key health terms directly in their workflow.

🔍 What’s inside?

✅ A clean, structured dataset of WHO definitions
✅ Ready for analysis, visualization, and integration into reports
✅ Easy-to-use website, categorised by thematic areas in the WHO report
✅ Open-access for everyone!

If you're working with health data and want to standardize terminology effortlessly, check it out! Let’s make publishing more transparent.

How do you handle consistent terminology in your work?","https://www.linkedin.com/feed/update/urn:li:activity:7297549157869785089",911,NA,29,0.03183314949274063,22,6,4,0.06695938855409622
"2025-02-22","🌿 Nature's Dream Team for Eco-Friendly Waste Management! 🌎♻️ 
We're bringing together two superstar decomposers - Fungi 🍄 and Black Soldier Fly larvae 🐛 
 
Are you nterested bringing organic waste management to a new level? 
 
We might have the topic for your Bachelor or Master thesis! 
 
🔹Use of fungi as a pretreatment to increase the quality of Black soldier fly feeding substrate: https://lnkd.in/d6Sku2XA 

🔹Test Black soldier fly frass as a mushroom growing substrate: https://lnkd.in/dzKQszfN","https://www.linkedin.com/feed/update/urn:li:activity:7299699647306981376",550,NA,22,0.03999999910593033,10,0,0,0.05818181857466698
"2025-02-25","Field work is officially starting! 🎉 [Update 4/4]

Our team is ready to go, and we’re all set up at the Mzedi dumpsite to collect data on the burden of chronic respiratory symptoms and air pollution exposures among waste pickers, as a part of PhD thesis of Saloni Vijay. Credits to Hope kelvin Chilunga for setting up the tent 🏕️!

Elizabeth Tilley, Jamillah Meghji, Dr. Peter Banda, Lindsay Zurba Saloni Vijay, Colin Walder, Chana Khuluza, MBBS., JUNIAH MAZEZE, Dunia wasili, Anstead Kankwatira, Rose Malamba, Elizabeth Jalisi, Ramsey Mauka, Innocent Matchipisa, Hope kelvin Chilunga","https://www.linkedin.com/feed/update/urn:li:activity:7301186893319200768",1374,NA,342,0.24890829622745514,34,0,1,0.2743813693523407
"2025-02-25","🫁 Spirometry Refresher Training! [Update 3/4]

As part of our study on Burden of Chronic Respiratory Symptoms & Air Pollution Exposures Among Waste Pickers, Lindsay Zurba led an intensive training this Monday on conducting spirometry for both children & adults. This ensures our team is well-equipped to assess lung function among informal waste pickers.

Our spirometry team: Lindsay Zurba, Anstead Kankwatira, Rose Malamba, Elizabeth Jalisi, Bright Mnesa","https://www.linkedin.com/feed/update/urn:li:activity:7300824492316979202",452,NA,36,0.0796460211277008,10,0,0,0.10176990926265717
"2025-02-25","📝 Training for a Successful Survey! [Update 2/4]

A well-prepared team = a successful survey! ☀️ Here’s our questionnaire team gearing up for fieldwork for our study on the Burden of Chronic Respiratory Symptoms & Air Pollution Exposures Among Waste Pickers. Saloni Vijay led a briefing, ensuring clarity & accuracy, while the team reviewed translations — all while soaking up some sun & vitamin D! ☀️💪 After training, we took the questionnaire to the field for a pilot study to refine questions. 🏕️

💻 Behind the scenes, a big thanks to Colin Walder in 🇨🇭 for refining the questionnaire coding!

Chana Khuluza, MBBS., JUNIAH MAZEZE, Dunia wasili, Ramsey Mauka","https://www.linkedin.com/feed/update/urn:li:activity:7300462113053925376",816,NA,198,0.24264705181121826,19,0,1,0.2671568691730499
"2025-02-25","🚀 Kicking Off Our Respiratory Health Study! [Update 1/4]

Our field team meeting marked the start of our study on burden of chronic respiratory symptoms and air pollution exposure among waste pickers in Blantyre, Malawi. Led by PhD student Saloni Vijay, the project officially kicked off last Sunday! 

👥 Team in photo (left to right): Chana Khuluza,, JUNIAH MAZEZE, Dunia wasili, Anstead Kankwatira, Hope kelvin Chilunga, Rose Malamba, Elizabeth Jalisi, Saloni Vijay, Ramsey Mauka, Innocent Matchipisa.

#AirPollution 🌍 #LungHealth 🫁 #FieldWork","https://www.linkedin.com/feed/update/urn:li:activity:7300099798924222464",829,NA,27,0.03256935998797417,33,0,1,0.07358262687921524
"2025-02-27","
🚀 Exciting Opportunity: Scientific Assistant - Data Science / Software Engineer at ETH Zürich! 🧪💻

Are you passionate about #OpenScience and #DataScience? Join our team at the Global Health Engineering group (Department of Mechanical and Process Engineering (D-MAVT), ETH Zurich)! We're looking for a talented individual to support our two ongoing projects funded by the Open Research Data Program of the ETH Board: (1) #openwashdata community and (2) #FAIR Data Practices for Qualitative Research in Transdisciplinarity.

https://lnkd.in/dYs8C_YN

🔍 What we're looking for:

- Proficiency in Git, GitHub, R, Python, RStudio IDE, VS Code
- Expertise in R Tidyverse packages
- Interest in use of Large Language Models (LLMs) in academia
- Innovative thinker with a knack for process improvement
- Early career professional seeking academic project experience

🌍 About us:

We're a diverse, interdisciplinary team of 15 dedicated professionals working on resource-constrained countries. We value openness, creativity, and continuous improvement.","https://www.linkedin.com/feed/update/urn:li:activity:7301873920331116545",3611,NA,180,0.049847688525915146,35,4,9,0.06314040720462799
"2025-03-06","Exciting news from Mzuzu, Malawi! 🇲🇼 With support of BASEflow Limited, we started the construction of a novel biogas plant that is fuelled by human waste 💩

-💡 Based on GHE research, ways to safely treat the effluent from the biogas plant will be tested and optimized over the next 5 years under real conditions.
 -🌿 Safely treated effluent contains valuable nutrients and can be used in agriculture as organic fertilizer 
- 🤝 This living lab space allows us to closely interact with different stakeholders such as municipalities, farmers, and local business owners to co-create knowledge and find out what is needed for the long-term success of such technology.","https://www.linkedin.com/feed/update/urn:li:activity:7304773080092930050",1654,NA,383,0.2315598577260971,51,7,2,0.2678355574607849
"2025-03-13","📢 Exciting news from the Swiss Reproducibility Network (SwissRN)! 🇨🇭

Did you know SwissRN is dedicated to promoting transparent, reproducible, and robust research practices across Switzerland? They build a network of local nodes across the country.

ETH Zürich is an institutional member of SwissRN and Lars Schöbitz is now the local node leader for ETHZ! 🎉

Local nodes are the backbone of SwissRN, driving activities like working groups, journal clubs, training workshops, and more.

👉 Learn more about SwissRN, its mission, and how to get involved: https://www.swissrn.org/
👉 Find your local node: https://lnkd.in/diaB9UKF
👉 Discover SwissRN's institutional members: https://lnkd.in/dvz97dqA

Let's work together to strengthen research integrity! 🤝 #SwissRN #Reproducibility #OpenScience #OpenResearchData","https://www.linkedin.com/feed/update/urn:li:activity:7307309808179732482",423,NA,11,0.02600472792983055,10,1,0,0.0520094558596611
"2025-03-19","🌍 New Blog Post: ""Teaching in Ghana - Confronting Privilege and Power in Global Academia"" 🌍

Jan Freihardt's new blogpost reflects on a teaching experience in Ghana 🇬🇭, during which he was confronted with uncomfortable questions about historical inequalities, resource extraction, and the role of privileged academics in North-South collaborations. 

We are curious: Have you experienced similar dynamics in North-South teaching or research settings? What approaches have helped you to ethically navigate such spaces, to foster more ethical and truly reciprocal knowledge exchanges? 

Read the post here: https://lnkd.in/dPYwDwZj","https://www.linkedin.com/feed/update/urn:li:activity:7309846488551972864",2337,NA,156,0.06675224751234055,60,4,6,0.09670517593622208
"2025-03-25","No panel, no presentation, no slides. An open format to talk about WASH data:

🗓️ March 31st at 15:00-16:00 CET
💻 Registration: https://lnkd.in/ejXU4-5Z","https://www.linkedin.com/feed/update/urn:li:activity:7310233074087223296",443,NA,8,0.018058691173791885,6,0,1,0.03386004641652107
"2025-03-31","We’re excited to welcome Nicolò Massari to the Global Health Engineering team! 👋

Nicolò joins us as a Data Science Intern, bringing his expertise in computational methods and programming, along with experience from his MSc in Cosmology. 🌠 He will be contributing to our efforts on openwashdata.org and advancing FAIR Data Practices for Qualitative Research in Transdisciplinarity through fairqual.org. 

Welcome to the team, Nicolò! 🎉

Learn more about him here: https://lnkd.in/dFadNCjU","https://www.linkedin.com/feed/update/urn:li:activity:7312397562018258944",1504,NA,101,0.06715425848960876,52,4,1,0.10505319386720657
"2025-04-07","Did you know that all MSc theses from our research group are published through the ETH Research Collection? 📚 ✨ By doing this, we archive their work, showcase the incredible work of our students, and contribute to open access and knowledge sharing. 🤝

To further promote accessibility and innovation, we strongly encourage our mechanical engineering students to apply CC-BY licenses to their theses. ✅ Doing so empowers others to build upon your work, fostering collaboration and driving progress in health engineering worldwide. 🌍

Explore the collection here: https://lnkd.in/g_bjzANM","https://www.linkedin.com/feed/update/urn:li:activity:7315006485749481473",628,NA,23,0.036624204367399216,9,0,1,0.052547771483659744
"2025-04-09","🌞💦 We’re so proud of Master student Adriana Niggeli who worked with farmers 🧑🏾‍🌾👨🏿‍🌾 in Cape Maclear Malawi 🇲🇼 to develop a network of solar irrigation pumps. These pumps 🧴 mean that farmers can continue to grow and harvest during the dry months 🥵, ensuring a year-round income.","https://www.linkedin.com/feed/update/urn:li:activity:7317441520679194624",568,NA,20,0.035211268812417984,20,0,2,0.07394365966320038
"2025-04-18","🎓 Celebrating MSc Student Presentations! 🎉

Last week, we had the pleasure of watching our MSc students present the results of their research — an inspiring showcase of curiosity, creativity, and critical thinking across a wide range of important topics.

Congratulations to all presenters!

👇 Here are the students and their project titles:

Elia Weber - Biogas sensor development: from prototyping to production ⚙️
Silas Schweizer - Model and visualization of recyclable material collection network ♻️
Teymour D'Andrea - Urine diverting toilet design, manufacturing, and testing 🚽
Lukas Walker - Estimating uncertainty in past biogas offsett projects and methodologies 📉
Noah Waeger - Feasibility study of modular water filters 💧","https://www.linkedin.com/feed/update/urn:li:activity:7319978205480710144",6008,NA,596,0.09920106828212738,88,1,0,0.1140146479010582
"2025-04-24","🎉🎉 We’re pleased to introduce Padraic Casserly, our new PhD student! 🎉🎉
Padraic is an experienced global health engineer, with years of experience implementing developmental projects in Sub-Saharan Africa. 
For his research he will work with partners in Malawi 🇲🇼 to optimize low-cost biogas systems 🔥 and deliver renewable energy ♻️ and sanitation solutions 🚽, directly contributing to Switzerland's carbon reduction and international development goals ✅
","https://www.linkedin.com/feed/update/urn:li:activity:7322514933697449984",8853,NA,513,0.05794645845890045,218,35,2,0.08675025403499603
"2025-05-04","🔒 𝗗𝗶𝗱 𝘆𝗼𝘂 𝗸𝗻𝗼𝘄 𝟮𝟳% 𝗼𝗳 𝗱𝗮𝘁𝗮 𝘂𝗽𝗹𝗼𝗮𝗱𝗲𝗱 𝘁𝗼 𝗔𝗜 𝘁𝗼𝗼𝗹𝘀 𝗶𝘀 𝗰𝗹𝗮𝘀𝘀𝗶𝗳𝗶𝗲𝗱 𝗮𝘀 𝘀𝗲𝗻𝘀𝗶𝘁𝗶𝘃𝗲?* Keep your research interviews secure with local transcription - introducing 𝚐𝚑𝚎_𝚝𝚛𝚊𝚗𝚜𝚌𝚛𝚒𝚋𝚎, a new Python package developed right here at GHE! 🚀

This powerful tool streamlines the transcription of audio files while also performing speaker diarization, meaning it identifies and separates who is speaking when. It uses cutting-edge open-source models – 𝗙𝗮𝘀𝘁𝗲𝗿 𝗪𝗵𝗶𝘀𝗽𝗲𝗿 and 𝗣𝘆𝗮𝗻𝗻𝗼𝘁𝗲 – to obtain the best possible results.

Crucially, 𝚐𝚑𝚎_𝚝𝚛𝚊𝚗𝚜𝚌𝚛𝚒𝚋𝚎 helps 𝗿𝗲𝗺𝗼𝘃𝗲 𝘁𝗵𝗲 𝗿𝗶𝘀𝗸 𝗼𝗳 𝗹𝗲𝗮𝗸𝗶𝗻𝗴 𝗰𝗼𝗻𝗳𝗶𝗱𝗲𝗻𝘁𝗶𝗮𝗹 𝗶𝗻𝗳𝗼𝗿𝗺𝗮𝘁𝗶𝗼𝗻 𝘁𝗼 𝘁𝗵𝗶𝗿𝗱 𝗽𝗮𝗿𝘁𝗶𝗲𝘀. 🔒 You have the flexibility to run it locally on your machine, ensuring your sensitive data stays secure. For those working with larger audio files or wanting to avoid slowing down their local computer, we've also provided clear instructions to run it directly on the 𝗘𝘂𝗹𝗲𝗿 𝗰𝗹𝘂𝘀𝘁𝗲𝗿, which is open to all ETH members. 💻

𝗪𝗵𝘆 𝗰𝗵𝗼𝗼𝘀𝗲 𝚐𝚑𝚎_𝚝𝚛𝚊𝚗𝚜𝚌𝚛𝚒𝚋𝚎 𝗮𝘁 𝗘𝗧𝗛? 🤔 Because we're actively collaborating with IT services here to bring you an even more seamless experience! We're working towards providing a fast, one-click access to the tool directly from your browser window on Euler's JupyterHUB instance – 𝗻𝗼 𝗶𝗻𝘀𝘁𝗮𝗹𝗹𝗮𝘁𝗶𝗼𝗻 𝗿𝗲𝗾𝘂𝗶𝗿𝗲𝗱! 🤯

But that's not all! ✨ 𝚐𝚑𝚎_𝚝𝚛𝚊𝚗𝚜𝚌𝚛𝚒𝚋𝚎 has been specifically designed with 𝗙𝗔𝗜𝗥 𝗗𝗮𝘁𝗮 𝗣𝗿𝗮𝗰𝘁𝗶𝗰𝗲𝘀 𝗳𝗼𝗿 𝗤𝘂𝗮𝗹𝗶𝘁𝗮𝘁𝗶𝘃𝗲 𝗥𝗲𝘀𝗲𝗮𝗿𝗰𝗵 𝗶𝗻 𝗧𝗿𝗮𝗻𝘀𝗱𝗶𝘀𝗰𝗶𝗽𝗹𝗶𝗻𝗮𝗿𝗶𝘁𝘆 in mind, aligning perfectly with the goals of the FAIRqual project. 💪 We believe in making research data Findable, Accessible, Interoperable, and Reusable, and this package is a significant step towards achieving that for qualitative data in collaborative, transdisciplinary settings.

A big thank you to Ariane Wenger and Anne-Sophie Schaltegger at TdLab for their valuable early-stage feedback! 🙏

Ready to try 𝚐𝚑𝚎_𝚝𝚛𝚊𝚗𝚜𝚌𝚛𝚒𝚋𝚎? Check out the GitHub repository for installation instructions and usage examples: https://lnkd.in/eStnhfUF

(*) “27% of data uploaded to AI tools is classified as sensitive”
Source: Cyberhaven’s 2024 “AI Adoption and Risk Report” found that 27.4% of data submitted to AI tools by employees was sensitive, up from 10.7% the previous year-a 156% increase.
https://lnkd.in/dA8kw-Nc
https://lnkd.in/ePbSSBKQ

#OpenScience #FAIRData #QualitativeResearch #Transdisciplinarity #ETHZ #GlobalHealthEngineering #Python #MachineLearning #SpeechToText #SpeakerDiarization #DataSecurity #EulerCluster #JupyterHUB #Innovation
","https://www.linkedin.com/feed/update/urn:li:activity:7325051720839950336",1179,NA,24,0.020356234163045883,25,1,7,0.048346057534217834
"2025-05-12","♻️ Procrastinating your trip to the recycling point? A new planning workflow combines GIS and MILP to improve access to Sammelstellen in Zurich and beyond.

Environmental Sciences Master’s thesis student Silas Schweizer, in collaboration with Andreas Lindau, Jakub Tkaczuk, and Nicolas Seemann-Ricard developed an urban planning workflow combining GIS and Mixed-Integer Linear Programming to improve Entsorgung + Recycling Zürich’s glass and metal recycling network. 

🔍 His analysis focusing on pedestrian access and network constraints recommends 12 new collection points, reducing:

- the number of underserved residents by 9’000
- average walking time to recycling points by 20 seconds

👏 A great example of using data to improve recycling rates and helping reach emissions reductions targets. 

🖥️ Code & data: https://lnkd.in/dG7nhhnV
📖 Publication coming soon!

#Recycling #GIS #UrbanPlanning #ETHZurich #SmartCities #StudentSuccess","https://www.linkedin.com/feed/update/urn:li:activity:7327673316687667201",1848,NA,80,0.043290045112371445,38,0,2,0.06493506580591202
"2025-05-15","How do smallholder farmers in Malawi 🇲🇼 use biogas?

Thanks to a consistent supply of nutrient-rich effluent, farmers now planning to plant 🌽 multiple times annually to boost their harvests which is important given that around half of Malawi's population is affected by food insecurity. Moreover, having access to biogas also allows farmers to cook indoors without smoke, eliminating a significant source of air pollution. Natalie Boyd Williams's research was supported by the ever wonderful Stella Chisenga, Owen Mtambo, and Cyrus Lloyd.

Would you like to learn more about Natalie Alice Boyd Williams research? https://lnkd.in/d9k7pvge","https://www.linkedin.com/feed/update/urn:li:activity:7330125177223049218",1551,NA,254,0.1637653112411499,60,0,2,0.20373952388763428
"2025-05-15","💩 Insights into Myco-Sanitation from Our Research Group 🍄 

In our latest blog post our PhD student Jules Peter explores the innovative field of myco-sanitation. His work on growing mushrooms using faeces addresses important waste management challenges and contributes to sustainable agricultural practices.

His research is structured into three parts:

1. Develop an assay to screen fungal species that grow on human feces and analyze mycelium spread.

2. Assess if fungi can reduce harmful pathogens linked to diarrheal disease outbreaks.

3. Ealuate how fungal growth impacts fecal physical parameters and tolerance to environmental stresses.

We invite you to read the full blog post to learn more about the intersection of waste management, sustainability, and mycology.

https://lnkd.in/dayKNp4D","https://www.linkedin.com/feed/update/urn:li:activity:7329030375454801921",1496,NA,42,0.02807486616075039,37,4,3,0.057486630976200104
"2025-05-21","🚀 Ready to put your creative problem solving and prototyping talents to work for communities most directly impacted by climate change? 🌍 

We're partnering with ETH for Development - ETH4D and ETH Student Project House to host a makeathon June 12-13 as a warm up for the Latsis Symposium 2025: Science for Global Development and Humanitarian Action!

GHE lab members Rebecca Alcock and Padraic Casserly will co-host the event with our ETH4D and SPH partners. Plus, participants will get a special screening of GHE affiliate Jan Freihardt's documentary “Eroding Horizons. A Village on the Move” and hear from Bangladeshi collaborators who have firsthand knowledge of the wide-ranging environmental hazards facing the country.

Register to participate in the makeathon by June 4th (ETH students only). https://lnkd.in/dMDHDWwu

What you'll get:

- 🔍 a deeper understanding of the effects climate change has on Bangladeshi communities
- 🛠️ the opportunity to learn new skills or apply your existing maker skills to a real-world challenge
- 🍽️ all meals covered (12th: dinner; 13th: breakfast, lunch, and apéro)
- 🏆 a chance to win up to CHF 400 per team for use at SPH!

Unavailable to participate but ready to be inspired? Register by June 4th for the final pitches and apéro (June 13th 16:00), open to all! 

https://lnkd.in/dHPv5kcm","https://www.linkedin.com/feed/update/urn:li:activity:7331212235756691457",1479,NA,27,0.018255578354001045,26,1,8,0.041920214891433716
"2025-05-22","🥳 It was an exciting day at the ZHAW biogas plant in Feldbach🇨🇭. 

Our two PhD students: microbiologist Jules Peter and our newest member, Padraic Casserly, who will focus on biogas process engineering, together with Dr. Jakub Tkaczuk, had the opportunity to meet Dr. Wolfgang Merkle to bridge the gap between fundamental and applied research 🔬. 

Our work will open up valuable knowledge transfer, strengthening our expertise and field experience in sustainable energy research! ⚡️","https://www.linkedin.com/feed/update/urn:li:activity:7332661806601052160",3398,NA,139,0.04090641438961029,98,5,2,0.07180694490671158
"2025-05-27","Publication alert! 📢

Our latest article, ""Expanding horizons: The pedagogical benefits of museum visits for engineering students"", is out now in ETH's Learning and Teaching Journal.

Lukas Walker, Colin Walder and Elizabeth Tilley highlight how project-based learning can bolster engineering education. 👷‍♀️💡 As part of the course ""International Engineering: From Hubris to Hope"", students visited and reflected on an exhibition on colonialism and looted art 🏛️, bridging the gap between technical knowledge and the complex real-world contexts engineers must navigate in their careers. 🌍

Link to the paper (open access): https://lnkd.in/e4pr92GY

Want do learn more about the course which will be offered again in HS 2025? Link to the course catalogue: https://lnkd.in/eD5ZeXhh
","https://www.linkedin.com/feed/update/urn:li:activity:7333113472349585409",736,NA,24,0.032608695328235626,12,0,0,0.04891304299235344
"2025-05-30","🌟 GHE Yearly 2025: Third Edition at Kloster Fischingen 🌟

It's time for our GHE Yearly this week! In our third edition, we've grown from to a team of 10 people in 2024 to a team of 17 people in 2025. Over the next three days, we'll be sharing updates and connecting at the beautiful Kloster Fischingen.

Follow along with our agenda:

📅 Day 1: Team Updates & Collaboration

- 📊 GHE statistics: Student supervision, OpenWashData, LinkedIn, and ETH Research Collection
- 🎓 PhD research showcases
- 🎨 Crafting workshop

🚀 Day 2: Vision, Strategy & Team Building

- 🌠 Vision for GHE: Inspiring outlook for the future
- 🧭 Theory of Change Workshop: How do we get where we want to be?
- 🔍 What Works, What Doesn’t?: Honest reflections and forward planning
- 💻 Website Content Sprint: Refreshing our digital presence together
- 🏸 Badminton Tournament: Friendly competition in our favourite team sport

🌳 Day 3: Taxonomy, Goal Setting & Nature

- 🗂️ Taxonomy Workshops: Focusing on structure and clarity
- 🎯 Goal Setting for Next Year: Aligning on priorities and ambitions
- 📝 Retreat Wrap-Up: Reflections and next steps
- 🥾 Hike Around Fischingen: Closing with a scenic hike

Looking forward to an inspiring and productive retreat together! Let’s make this our best GHE Yearly yet! Elizabeth Tilley, Saloni Vijay, Jules Peter, Jan Freihardt, Jakub Tkaczuk, Nicolò Massari, Lars Schöbitz, Natalie Boyd Williams, Rebecca Alcock, Bettina Melberg, Colin Walder, Padraic Casserly, Nicolas Seemann-Ricard, Elia Weber, Amina Egal, Adriana Clavijo Daza, Fiona Muntwyler","https://www.linkedin.com/feed/update/urn:li:activity:7335183403639566337",781,NA,79,0.10115236788988113,28,0,0,0.1370038390159607
"2025-06-02","It’s a wrap on Day 1! After a series of insightful presentations on GHE statistics 📊 and inspiring talks from our talented PhD researchers 🎓, we ended the day on a creative note. In a 2-hour crafting workshop 🎨 Elizabeth Tilley brought everyone together to carve and print unique cards—an energizing way to close out a fantastic first day!","https://www.linkedin.com/feed/update/urn:li:activity:7335314448452141056",748,NA,569,0.7606951594352722,19,0,0,0.7860962748527527
"2025-06-03","🚀 Today, we dove into designing a Theory of Change for our projects! After a focused 15-minute introduction, we rolled up our sleeves for three dynamic 10-minute design sprints. 🕒 ✍️

Led by Jan Freihardt, this session was highly participatory and truly inspiring. 💡🤝 We walked away with a clear, actionable strategy to guide our work going forward. Excited for what’s next! 🌟","https://www.linkedin.com/feed/update/urn:li:activity:7335603202823749632",931,NA,89,0.09559613466262817,19,1,1,0.11815252155065536
"2025-06-03","🎓 In 2025, we’re excited to support about 50 BSc and MSc thesis projects! 🚀Today, we’re reflecting on the diverse thesis topics we’ve supported over the past 4 years. 📚✨ This retrospective by Elizabeth Tilley helps us shape our future direction.","https://www.linkedin.com/feed/update/urn:li:activity:7335565407027671040",4107,NA,333,0.0810810774564743,108,4,0,0.10835159569978714
"2025-06-10","🗓️ openwashdata thursday 📊 Data Spotlight: Urban Waste Management in Malawi 🌍

This dataset maps the locations and conditions of publicly accessible waste skips across Blantyre, Malawi, collected through comprehensive field surveys in 2021. Urban planners and waste management practitioners can use this georeferenced data to optimize collection routes, identify service gaps, and improve solid waste infrastructure planning.

🔗 Explore the data: https://lnkd.in/dEFhTNha

Developer: Sebastian Camilo Loos
Location: #Malawi
Focus: solid waste, waste skip, waste management

How could georeferenced waste infrastructure data support planning in your city?","https://www.linkedin.com/feed/update/urn:li:activity:7338822374227689472",721,NA,18,0.024965325370430946,21,1,0,0.055478502064943314
"2025-06-13","🌍 Advancing Open Research Data (ORD) Practices: Collaboration & Innovation in the ETH Domain

Last week, Elizabeth Tilley and Lars Schöbitz had the opportunity to share experiences with Project FAIRqual at the ETH Board Open Research Data conference. 🤝 

This collaborative project brings together Global Health Engineering's expertise in open data practices with the innovative research approaches of  Franziska M., Mollie Chapman, and Bianca Vienni-Baptista from the Department of Environmental Systems Science (D-USYS), ETH Zürich D-Transdisciplinarity Lab, focusing on FAIR Data Practices for Qualitative Research in Transdisciplinarity. 🔬✨

We discussed four critical challenge areas when sharing qualitative data:

- 🔒 Practical issues around confidentiality and data heterogeneity 
- 🤫 Ethical commitments to participant trust 
- 🧠 Epistemological traditions that value embodied research presence 
- 📊 The predominantly quantitative origins of current open science frameworks

The FAIRqual project represents our commitment to advancing open research practices while respecting the unique requirements of qualitative research. 🌱 We’re collaboratively developing new approaches that honor both open science principles and methodological integrity, creating pathways for more inclusive research practices. 🌐

💡 Explore our full presentation: https://lnkd.in/dbs53sKj

#OpenScience #QualitativeResearch #FAIR #Transdisciplinarity #OpenData","https://www.linkedin.com/feed/update/urn:li:activity:7340271963350732800",1112,NA,53,0.04766187071800232,25,0,1,0.07104316353797913
"2025-06-17","🗓️ openwashdata thursday💧 Water Point Functionality in Kenya 🚰

📊 This dataset provides detailed information on water pump functionality and usage patterns in Kwale County, Kenya, offering insights into rural water service delivery challenges. 🌍 Development practitioners and researchers can use this data to understand factors affecting water point sustainability and inform maintenance strategies. 🛠️

🔗 Explore the data: https://lnkd.in/d7eS5MQy
👩🏽‍💻 Developer: Mian Zhong
 📍 Location: #Kenya
 🎯 Focus: water supply, pump functionality

💡 Question: What factors have you found most critical for water point sustainability in rural areas? Share your insights below! ⬇️ 💬","https://www.linkedin.com/feed/update/urn:li:activity:7341351555712847872",414,NA,17,0.04106280207633972,13,0,0,0.07246376574039459
"2025-06-20","🎯 Every Monday at Global Health Engineering, we kick off our team meeting with a twist!

Instead of the usual round-robin updates, we ask a ""Question of the Week"" that determines our speaking order. After 47 weeks of questions, we've built quite the dataset! 📊

A while ago, we had a question that sparked some interesting insights:

How many vacation days would you like per year? 🏖️

Here’s what we discovered:

- Team members' dream vacation allowance ranges from 40 to 100 days
- The average is 52 days – that's 2.6x the current ETH standard of 25 days
- The numbers reflect a team that values: rest and recovery, space to pursue passions outside of work

📈 The visualization shows each team member's preference (anonymized) compared to our group average. 

🤔 Question for you:
 
If you could design your ideal work year, how many vacation days would it include? And more importantly – what would you do with that time?","https://www.linkedin.com/feed/update/urn:li:activity:7342808708596260864",1150,NA,38,0.033043477684259415,15,0,0,0.046086955815553665
"2025-06-25","🗓️ openwashdata thursday 💰 Water Affordability in Urban Ghana 💧

This dataset examines water service costs and affordability across different neighborhoods in Accra, Ghana, revealing important equity patterns in urban water access. 🌍📊 Policy researchers and water utilities can use this data to design more equitable pricing structures and targeted subsidy programs. 🏙️⚖️

🔗 Explore the data: https://lnkd.in/dJgSSnJq

- Developer: Elizabeth Vicario Margaux Götschmann 👨🏾‍💻
- Location: #Ghana 🇬🇭
- Focus: water costs, affordability, Ghana 💦

💬 How do water pricing policies address affordability challenges in your city? 🤔","https://www.linkedin.com/feed/update/urn:li:activity:7343895807269425154",370,NA,6,0.01621621660888195,9,0,0,0.04054053872823715
"2025-06-30","🌟 Another productive week at GHE! Our team has been diving deep into ongoing projects here in Zurich 🇨🇭, while part of our crew is hard at work in Blantyre, Malawi. 🇲🇼 

Here, we share the most fan-tastic moments of our week—reminding us that sometimes the best ideas come with a refreshing breeze! 😄

What’s your secret to staying cool while working hard?

#StayCool","https://www.linkedin.com/feed/update/urn:li:activity:7345344399993679874",1123,NA,293,0.2609082758426666,32,0,1,0.2902938425540924
"2025-07-03","Another openwashdata update today. Our newsletter is back! 

https://lnkd.in/d6__K3FZ

New people. New data. Another iteration of ""data science for openwashdata"".

Welcome again! Nicolò Massari Adriana Clavijo Daza Emmanuel Mhango","https://www.linkedin.com/feed/update/urn:li:activity:7346543298854989825",713,NA,18,0.025245441123843193,10,0,1,0.040673211216926575
"2025-07-03","🗓️ openwashdata thursday - 🇧🇷 Brazil's Water and Sanitation Access Landscape🚰 

This dataset provides comprehensive water and sanitation access data from Brazilian municipalities, offering detailed insights into regional variations and urban-rural disparities. Public health researchers and policy analysts can use this data to understand access patterns and inform targeted interventions.

🔗 Explore the data: https://lnkd.in/dA7GYnnd

- Developer: Margaux Götschmann & Lais Freitas Moreira dos Santos
- Location: #Brazil 🇧🇷 
- Focus: water access, sanitation","https://www.linkedin.com/feed/update/urn:li:activity:7346430848583270400",273,NA,11,0.04029304161667824,2,0,0,0.0476190485060215
"2025-07-04","""Measure twice, cut once"" can be difficult to apply to iterative software and hardware development, but is important when deploying hardware far away 🌍. 

For our remote sensor data acquisition and transmission device, we put the chances on our side by testing as many cases as possible in the lab. It was a delight when a prototype sent to Mzuzu, Malawi 🇲🇼 worked right out of the box!

💻 Software and firmware: Fiona Muntwyler
⚡ Electronics: Nicolas Seemann-Ricard
🛠️ Field testing: Padraic Casserly","https://www.linkedin.com/feed/update/urn:li:activity:7347882183316910081",1497,NA,93,0.06212424859404564,35,0,0,0.08550434559583664
"2025-07-10","🌍 openwashdata Thursday: More Datasets from BASEflow Limited, Malawi 🇲🇼

Just a week ago, we celebrated the work of our colleague Emmanuel Mhango with BASEflow in Malawi. Today, we present that three more datasets have been published! 📢

In a recent call, Emmanuel set himself the ambitious goal of publishing all 200 BASEflow datasets by the end of the year. We’re excited to welcome Emmanuel to Switzerland next week for the 1st openwashdata conference to learn more about how we plans to achieve this. 🇨🇭🎉

Newly Published Datasets

- artesianwells: https://lnkd.in/dz7ktdGb | A dataset capturing geospatial, structural, usage, and management characteristics of artesian well sites. 💧 (check out the gallery using images and data: https://lnkd.in/dTigA3sE)

- floodchlorinationsurvey: https://lnkd.in/de-bAzpY floodchlorinationsurvey/  | Data from the USAID Flood Response Rehabilitation and Chlorination Survey conducted in Mulanje, Malawi (2019–2020). 🌊

- postfloodintervention: https://lnkd.in/dNxqTep5   | Post-intervention monitoring data for rural water points in the Mulanje district, collected as part of the USAID Flood Response program during 2019–2020. 🛠️

#OpenWashData #Malawi #OpenData","https://www.linkedin.com/feed/update/urn:li:activity:7348982977105657856",710,NA,24,0.0338028185069561,16,1,1,0.0591549277305603
"2025-07-12","Our PhD student, Padraic Casserly, is currently in Mzuzu 🇲🇼 , busy setting up and testing various components of the newly installed biogas reactor. The goal of this installation is to evaluate the performance of biogas reactors under real-world conditions. 🧪 With the assistance of the two biogas operators, Mwai Kandaya and Esau Phiri, they are now conducting their initial pathogen tests. 🔬 

Want to learn more about this project? You can find all our biogas-related research under the ""Publications"" tab on our website! 📚

https://lnkd.in/edNgGv6F","https://www.linkedin.com/feed/update/urn:li:activity:7350418781342466048",1479,NA,437,0.29546990990638733,54,1,0,0.33265718817710876
"2025-07-16","🎓✨ Free 9-Week Data Science Programme – 💧🧑‍💻 Data Science for openwashdata - 002 is here!

We're doing it again! Two years after our first iteration, we're running the ""data science for openwashdata"" course again.

The course content will largely stay the same with a few distinct differences:

- We will provide recordings of the live lectures, but expect you to complete a new homework quiz within two weeks after the lecture.
- We will teach the bonus module: ""Use of AI for coding support"".
- We are starting a mentorship programme for increased learning and support.
- We offer language support for Spanish speakers.

🚀 You can't wait? Sign-up here (it will take you 15 minutes):

https://lnkd.in/dzArwqMk

📚 You need more info? Find the course website here:

https://lnkd.in/d76Nf9Tb

📊 You're interested in some statistics from the first iteration? Read Adriana Clavijo Daza's blog post: 

https://lnkd.in/dkhJ6bUi

#openwashdata #WASH","https://www.linkedin.com/feed/update/urn:li:activity:7351144866560520194",3685,NA,225,0.061058346182107925,63,12,25,0.08819538354873657
"2025-07-21","If you are a Masters student interested in working on such real-world challenges, take a look at our open positions: https://lnkd.in/dQ3HFgSm","https://www.linkedin.com/feed/update/urn:li:activity:7352984962184155136",1085,NA,45,0.04147465527057648,7,0,2,0.04976958408951759
"2025-07-22","✨ Join Our Q&A Live Event! ✨ We’re excited to announce a live Q&A session on August 26th, 2025, at 1 pm CET! This is your perfect opportunity to:
Ask any questions about our course, content, or logistics. 

We’ll document all questions and share the answers on our website after the event, so everyone benefits!

🔗 Get all the event details here: https://lnkd.in/der4JeVH","https://www.linkedin.com/feed/update/urn:li:activity:7353680293276409857",371,NA,26,0.07008086144924164,2,0,1,0.07816711813211441
"2025-07-25","Last month, GHE hosted its first ever makeathon! 🛠️

In partnership with ETH for Development - ETH4D, Fondation Latsis, and UW-Madison College of Engineering Design Innovation Lab, GHE members Rebecca Alcock and Padraic Casserly facilitated the event at ETH Student Project House, titled “Weathering Change: A Mini Makeathon for Climate Adaptation.” 

During a quick 28 hours, students were charged with finding innovative solutions to climate change challenges for coastal communities in Bangladesh 🇧🇩 Read all about it in our newest blog post: https://lnkd.in/dTRSAdWG","https://www.linkedin.com/feed/update/urn:li:activity:7354434362555138048",1316,NA,292,0.22188450396060944,24,1,5,0.24468085169792175
"2025-07-28","🚀 The future of open science is here, and it's powered by AI!

Last week, we hosted the first-ever openwashdata conference 🌍✨and our AI hackathon with the use of Claude Code delivered incredible prototypes:

📊 Interactive dashboards
 🎯 Data visualizations
 📝 Automated slide creation
 📚 Streamlined research publishing
 🗄️ Smart data management
 🔍 Image recognition

The goal isn't just faster research - it's about making research more accessible and reproducible. AI handles routine tasks so researchers can focus on the actual discovery work.

What AI tools are transforming your daily workflow? Which models are you using? Share your biggest AI win below! 👇

#OpenScience #AI #DataScience #Research #wash","https://www.linkedin.com/feed/update/urn:li:activity:7355558695184777216",649,NA,122,0.187981516122818,15,0,0,0.2110939919948578
"2025-07-31","When it's too hot in the office to work, it's best to just go llama trekking 🦙   
https://www.yacana.ch/ (not a paid advertisement, just a good recommendation from us to you)","https://www.linkedin.com/feed/update/urn:li:activity:7358028993293340672",1718,NA,421,0.24505238234996796,53,0,0,0.2759022116661072
"2025-08-07","Want to learn about plastic bag recycling? 🔄 Six weeks ago, Elizabeth Tilley, Thalia Laios, Padraic Casserly and Waste Advisors interns visited Green Pak near Blantyre, Malawi 🇲🇼 - and captured this fascinating transformation process on video.

Watch plastic waste become woven bags through mechanical recycling: collection & sorting → shredding into flakes → melt extrusion (yes, ""spaghettified"" 🍝 into molten strands!) → film formation → weaving into durable fabric. 

Malawi's plastic crisis: The country produces 75,000 tonnes of plastic annually, with 80% being single-use and non-recyclable (UNDP/Turpie et al., 2019). More critically, an estimated 28,000-32,000 tonnes of mismanaged plastic waste enters the environment each year due to a 42% waste collection rate (UNDP, 2019).

Why this matters : Facilities like Green Pak provide alternatives to the 15 (!) currently operating plastic manufacturing companies in Malawi (UNDP/Turpie et al., 2019). Each woven bag represents approximately 50-100 discarded items diverted from Lake Malawi and urban drainage systems.

Have you seen similar initiatives tackling plastic waste in your region?
","https://www.linkedin.com/feed/update/urn:li:activity:7360565719580692480",3336,1692,256,0.07673861086368561,77,3,6,0.1025179848074913
"2025-08-22","Did you know we are teaching a free 9-week ""Data Science with R"" course soon? Curious to learn more, or not sure if it’s the right fit for you? 🤔

Join our Q&A session about the course, happening tomorrow:

📅 Date: Tuesday, August 26, 1:00 – 2:00 PM (CET)

🔗 Registration: https://lnkd.in/der4JeVH

Looking forward to seeing you there!","https://www.linkedin.com/feed/update/urn:li:activity:7365639182712475649",1007,NA,33,0.032770607620477676,13,1,2,0.04865938425064087
"2025-08-28","🤔 what would you pay to have your trash collected? Would you, as a tourist pay to keep trash off the beach? 🏖️ These were the questions we answered in our new paper: ""Willingness to pay for and economic feasibility of solid waste management in Cape Maclear, Malawi”.

Big congratulations 🎉 to Elena Abgottspon who conducted this research as part of her Master thesis. https://lnkd.in/dezvbZ7B","https://www.linkedin.com/feed/update/urn:li:activity:7368175813986254848",859,NA,17,0.01979045383632183,16,0,1,0.03958090767264366
"2025-09-02","📊 New openwashdata Newsletter: 124 registrations and counting

Our latest newsletter dives into the demographics of our Data Science for openwashdata course registrations, revealing participation from 37 countries worldwide.

Key insights from our registration analysis:

- Strong representation from African countries
- ~ 40% female participation
- ~ 40% are R programming beginners
- Diverse educational and professional backgrounds

The second cohort starts Thursday, September 11th - registration is still open! All relevant links are in the comments section of this post.

Special recognition to Adriana Clavijo Daza for her contributions to the openwashdata community and for authoring our registration analysis blog post.","https://www.linkedin.com/feed/update/urn:li:activity:7368572793715666949",559,NA,120,0.21466904878616333,13,1,1,0.24150268733501434
"2025-09-04","Citations are only part of the story. 📖 

At GHE, we're going beyond traditional metrics and harness metadata from a variety of digital platforms (e.g., ETH-Bibliothek's Research Collection or LinkedIn) to measure our work's reach. 🚀

In our latest blog post, Colin Walder highlights some of the data sources we use to redefine how we measure research visibility and invites you to join us in this important conversation. 🤝

Read the full blog post here: https://lnkd.in/djTXhbxK

#ResearchImpact #Metrics #OpenScience #ETHZurich","https://www.linkedin.com/feed/update/urn:li:activity:7370712530719182848",1143,NA,34,0.0297462809830904,13,0,1,0.04199475049972534
"2025-09-14","ICYMI: We have a fully funded 4-year PhD position on offer 🎓.

You will be working in an interdisciplinary group where your unique contribution matters more than your track record 🤝. We are a mix of engineers, social scientists, biologists, and data scientists, using both qualitative and quantitative methods. All that, and we are settled in D-MAVT at ETH Zurich 🌍.

Interested? Learn more about the topic here: https://lnkd.in/dQAPSrzx","https://www.linkedin.com/feed/update/urn:li:activity:7373264346216497152",2378,NA,107,0.04499579593539238,27,1,8,0.06013456732034683
"2025-09-19","At ETH Zurich’s Global Health Engineering group, we’ve developed a new biogas monitoring sensor that measures gas flow, methane concentration, pressure, and temperature in household biodigesters. With a solar-powered communication module, it delivers real-time, reliable data on how much biogas is produced and used.

Why does this matter? For smallholder farmers, biodigesters aren’t just clean energy systems—they also unlock carbon crediting, where reduced emissions can be verified and sold to generate income. But in Kenya (and much of Africa), crediting often relies on proxy data and assumptions, creating uncertainty and undervaluing impact.

That’s where our sensor comes in. By piloting it in Kenya with St. Paul’s University, we aim to:

✅ Strengthen carbon credit verification
✅ Boost trust in carbon markets
✅ Unlock fairer financing for farmers
✅ Provide insights to improve biodigester performance

Kenya’s vibrant carbon market ecosystem makes it the perfect place to start. This pilot is just the first step, but it could transform how household biogas systems are measured and valued—locally and globally.

💡 We’re excited to see where this leads and to keep building bridges between technology, climate action, and livelihoods.","https://www.linkedin.com/feed/update/urn:li:activity:7375785960493576192",1247,NA,45,0.03608660772442818,23,2,0,0.056134723126888275
"2025-09-26","We've completed the first three weeks of the second iteration of Data Science for Open WASH Data (ds4owd-002) 🎉

143 WASH professionals have registered for the course, with strong participation from Nigeria 🇳🇬 (16), Ghana 🇬🇭 (12), Switzerland 🇨🇭 (11), and South Africa 🇿🇦 (11). We're excited to have 38% female participants, bringing diverse perspectives to the field. 💪 

Through hands-on project-based learning and following open science principles, participants are mastering R, tidyverse, GitHub, and Quarto to transform WASH data into reproducible insights. Each learner will complete a capstone project with their own dataset, making a valuable contribution to the openwashdata community. 📊

Kudos 🙌 to Lars Schöbitz, Nicolò Massari and Adriana Clavijo Daza for their dedication in making this learning experience engaging and impactful.

#openwashdata #openscience","https://www.linkedin.com/feed/update/urn:li:activity:7378322651687079936",934,NA,103,0.11027837544679642,23,1,2,0.13811562955379486
"2025-10-05","📢 Air quality in Blantyre, Malawi!

We measured black carbon (BC)—a pollutant harmful to 🌍 climate and 🫁 health.

💨 Average concentrations were 3.85 µg/m³ in the dry winter months, comparable to bigger sub-Saharan African cities. With Blantyre still urbanizing, pollution could worsen without action. 

🚫 Unfortunately, there are no regulatory standards for ambient BC concentrations—despite its health and climate impacts—raising questions about what levels are safe and highlighting the need for both research and regulation.

✨ This is the first study in Malawi to identify BC sources, using locally determined AAE values to distinguish fossil fuel from biomass burning.

📖 Read our paper: https://lnkd.in/gsHq3sUt

👥 Authors: Saloni Vijay, Hope kelvin Chilunga, Lars Schöbitz & Elizabeth Tilley","https://www.linkedin.com/feed/update/urn:li:activity:7380859426418634752",2485,NA,95,0.03822937607765198,58,3,2,0.06358148902654648
"2025-10-15","😫Manually counting thousands of Black Soldier Fly🪰 🐛 is a time-consuming steps in the breeding process ⏳.
 
🎉We are thrilled to showcase the fantastic work of our Master's student, Jonas Biner, who has tackled this challenge head-on. Jonas has designed and built an innovative counting machine that streamlines this critical step, giving a short cut to fast and precise Larvae counting.
 
This is a brilliant example how Students at GHE can help bringing innovation where it is needed. Congratulations, Jonas, on this outstanding achievement! 🥳","https://www.linkedin.com/feed/update/urn:li:activity:7384160817824387072",1565,NA,79,0.050479233264923096,36,1,1,0.07476038485765457
"2025-10-19","⚒️ We are opening a new workshop 🔧 to enhances our manufacturing 🗜️ and prototyping 🪛 capabilities with equipment for plastic, wood, and metal milling, plus dedicated spaces for woodworking and metalworking 🧰. Stop by and say hi!","https://www.linkedin.com/feed/update/urn:li:activity:7385932894927486976",1049,NA,49,0.04671115428209305,31,2,1,0.07912297546863556
"2025-10-21","🎉 Congratulations to our PhD student, Saloni Vijay! 🎉

At the 43rd @American Association for Aerosol Research (AAAR) Conference in Buffalo, New York, Saloni won the Student Platform Presentation Award.

In the Aerosol Exposure session, she presented on “Black Carbon Emissions from Open Waste Burning in Blantyre, Malawi: Human Exposure and Respiratory Health Risks.”

We are very proud of Saloni and everyone who contributed to this important project! 👏

#AAAR2025","https://www.linkedin.com/feed/update/urn:li:activity:7386301713558683649",1308,NA,79,0.06039755418896675,56,10,0,0.11085627228021622
"2025-11-03","♻️Reduce, reuse, RECYCLE – the ongoing battle against plastic waste 🗑️

How do we get from a mountain ⛰️ of mixed plastic waste to reusable material? This question was tackled by Sven Prinz, one of our master students atDepartment of Mechanical and Process Engineering (D-MAVT), ETH Zurich.

Sven spent three months in Blantyre 🇲🇼 building a low-cost prototype that separates mixed plastic waste into different types with a resulting purity of >95%🥳. Now, GEMS/WASTE and Art Malawi can use these separated plastics to produce their products ♳♴♵. ","https://www.linkedin.com/feed/update/urn:li:activity:7391024838397640705",1338,NA,293,0.21898356080055237,45,1,0,0.2533632218837738
"2025-11-07","""Low-cost"" doesn't mean ""low-quality"", it means innovation and ingenuity 💡

Traditional ultrasonic flow sensors are expensive. Our Master's student Samuele Scettrini is transforming what used to be sophisticated lab and industrial technology into a robust, field-ready sensing solution.

Affordable and accurate biogas flow sensing enables proper project evaluation and paves the way for Digital Monitoring, Reporting and Verification (dMRV) of carbon credits generated by biogas cookstove projects. This bridges the gap between smallholder farmers and carbon markets, turning environmental impact into economic opportunity.

Great to see engineering that makes advanced technology accessible where it's needed most! 🌍","https://www.linkedin.com/feed/update/urn:li:activity:7393558095832055808",1260,NA,216,0.17142857611179352,49,1,0,0.21111111342906952
"2025-11-13","🚽 November 19th is World Toilet day! 🚽

It is an official United Nations observance day that raises awareness of the over 3 billion people living without access to safe toilets, and the critical importance that access to safe toilets has for public health, dignity, and personal safery, especially for women and girls. 

At GHE, we are currently supervising 23 MSc and BSc projects, out of which 13 students are working on projects related to water, sanitation and hygiene.

With this, it is our goal to contribute to SDG 6, which aims to ""Ensure availability and sustainable management of water and sanitation for all"".

🇺🇳 You can read more about the World Toilet Day on the UN website: https://lnkd.in/gM-chfu.","https://www.linkedin.com/feed/update/urn:li:activity:7396094844865163264",748,NA,3,0.004010695032775402,13,0,1,0.022727273404598236
